event_id,device_id,property_id,temperature,smoke_level,flame_detected,duration_seconds,latitude,longitude,timestamp,label
48b5266d,ESP32_017,PROP_019,25.9,318,False,4,28.608612,77.179814,2026-09-29T16:23:00,ANOMALY
4eb019ba,ESP32_007,PROP_008,66.7,365,False,5,28.601388,77.173158,2026-09-14T22:03:00,POSSIBLE_FIRE
12f8d91d,ESP32_006,PROP_006,30.7,98,True,1,28.566453,77.173358,2026-09-27T09:51:00,NORMAL
c47a4b1d,ESP32_006,PROP_034,28.3,70,False,2,28.626229,77.229781,2026-09-18T15:46:00,NORMAL
d023da55,ESP32_009,PROP_020,74.9,761,True,29,28.579695,77.229149,2026-09-11T19:49:00,CONFIRMED_FIRE
945bbece,ESP32_005,PROP_028,29.5,74,False,0,28.552007,77.182208,2026-09-21T18:46:00,NORMAL
257b2d9e,ESP32_005,PROP_048,32.8,11,False,0,28.633137,77.209898,2026-09-12T07:28:00,NORMAL
b2e00e85,ESP32_006,PROP_037,25.3,79,False,3,28.622313,77.170056,2026-09-14T13:40:00,NORMAL
b5e11ee9,ESP32_001,PROP_007,29.6,593,False,5,28.585509,77.199566,2026-09-14T09:39:00,ANOMALY
1ddff44f,ESP32_008,PROP_021,70.6,474,False,2,28.647607,77.175683,2026-09-19T10:42:00,POSSIBLE_FIRE
83ab6a83,ESP32_002,PROP_024,31.1,420,False,0,28.640157,77.166904,2026-09-21T07:04:00,ANOMALY
15002fef,ESP32_003,PROP_029,68.3,300,False,4,28.569479,77.231603,2026-09-29T06:41:00,POSSIBLE_FIRE
f0c9cdad,ESP32_009,PROP_015,94.3,883,True,24,28.598027,77.237041,2026-09-27T19:43:00,CONFIRMED_FIRE
126d794f,ESP32_010,PROP_016,81.5,389,False,5,28.638425,77.236268,2026-09-21T01:19:00,POSSIBLE_FIRE
3e8fd3d3,ESP32_006,PROP_043,24.6,57,False,0,28.552711,77.22835,2026-09-10T19:57:00,NORMAL
2d51050a,ESP32_001,PROP_004,81.1,894,True,18,28.618423,77.186993,2026-09-16T10:05:00,CONFIRMED_FIRE
d2f7298f,ESP32_002,PROP_044,22.5,0,False,2,28.562345,77.170598,2026-09-30T19:19:00,NORMAL
01f9c64f,ESP32_001,PROP_003,64.5,477,True,4,28.583795,77.180998,2026-09-07T15:57:00,POSSIBLE_FIRE
463d72d2,ESP32_013,PROP_049,25.1,56,False,0,28.594418,77.217559,2026-09-17T02:25:00,NORMAL
81368084,ESP32_006,PROP_045,65.4,0,False,12,28.592835,77.196472,2026-09-01T00:36:00,ANOMALY
6297b32a,ESP32_017,PROP_036,24.6,83,False,1,28.62263,77.171968,2026-09-06T20:58:00,NORMAL
421a7a68,ESP32_010,PROP_021,26.5,120,False,2,28.611719,77.246982,2026-09-02T13:24:00,NORMAL
8c220530,ESP32_009,PROP_020,22.3,78,False,1,28.616336,77.161822,2026-09-25T22:17:00,NORMAL
4eb0ec01,ESP32_006,PROP_043,72.1,755,True,11,28.646276,77.184807,2026-09-13T19:57:00,CONFIRMED_FIRE
c918856d,ESP32_012,PROP_047,19.6,75,False,2,28.593705,77.212775,2026-09-03T15:06:00,NORMAL
80173d28,ESP32_011,PROP_030,24.8,62,False,0,28.600604,77.166251,2026-09-28T19:30:00,NORMAL
2c481a38,ESP32_016,PROP_012,24.6,52,False,0,28.627493,77.223525,2026-09-13T01:18:00,NORMAL
b7110794,ESP32_008,PROP_006,25.2,105,False,1,28.57486,77.203839,2026-09-28T08:45:00,NORMAL
83795f7a,ESP32_007,PROP_007,83.5,112,False,4,28.62927,77.173303,2026-09-21T04:51:00,ANOMALY
8cfce9eb,ESP32_014,PROP_047,91.4,6,False,11,28.598902,77.229793,2026-09-01T22:00:00,ANOMALY
e0458db9,ESP32_007,PROP_042,35.7,325,False,2,28.611636,77.218503,2026-09-04T20:45:00,ANOMALY
c61805a1,ESP32_018,PROP_010,85.1,899,True,20,28.588127,77.200094,2026-09-15T13:03:00,CONFIRMED_FIRE
96d84fed,ESP32_003,PROP_040,20.9,110,False,2,28.604477,77.163569,2026-09-13T17:50:00,NORMAL
a4c24efb,ESP32_009,PROP_046,82.0,711,True,24,28.600987,77.231082,2026-09-16T21:20:00,CONFIRMED_FIRE
c958addb,ESP32_018,PROP_008,29.7,80,False,2,28.550382,77.174682,2026-09-04T15:56:00,NORMAL
11cdf94f,ESP32_008,PROP_045,58.4,123,False,7,28.638029,77.246415,2026-09-14T15:16:00,ANOMALY
4c9c0519,ESP32_020,PROP_023,40.5,432,False,0,28.568798,77.204086,2026-09-15T10:18:00,ANOMALY
17499f81,ESP32_020,PROP_011,25.4,52,False,0,28.552464,77.219669,2026-09-08T19:12:00,NORMAL
103401cc,ESP32_019,PROP_050,94.6,920,True,13,28.585923,77.179272,2026-09-30T04:32:00,CONFIRMED_FIRE
d91f418e,ESP32_010,PROP_041,29.6,93,False,0,28.551965,77.237939,2026-09-10T09:03:00,NORMAL
2ab79bc7,ESP32_019,PROP_002,91.8,854,True,16,28.562612,77.19373,2026-09-26T08:47:00,CONFIRMED_FIRE
c880e33d,ESP32_007,PROP_007,85.6,746,True,15,28.557292,77.230326,2026-09-23T09:43:00,CONFIRMED_FIRE
4dd02dbf,ESP32_012,PROP_024,34.5,521,False,3,28.583917,77.179839,2026-09-08T00:34:00,ANOMALY
46250ec5,ESP32_011,PROP_013,28.2,65,False,0,28.580105,77.200263,2026-09-26T06:52:00,NORMAL
4f96bcf9,ESP32_004,PROP_007,29.3,75,False,1,28.583922,77.20446,2026-09-21T04:39:00,NORMAL
1ec74510,ESP32_003,PROP_032,27.6,26,False,1,28.597396,77.216756,2026-09-08T01:21:00,NORMAL
734b8e15,ESP32_014,PROP_045,88.4,730,True,17,28.577303,77.174451,2026-09-16T15:16:00,CONFIRMED_FIRE
c48a7912,ESP32_005,PROP_025,21.7,114,False,1,28.575281,77.177144,2026-09-17T11:36:00,NORMAL
9e8aefd2,ESP32_018,PROP_008,71.7,325,False,5,28.558575,77.196092,2026-09-21T10:27:00,POSSIBLE_FIRE
b0e8fd91,ESP32_012,PROP_033,29.1,535,False,3,28.639574,77.168817,2026-09-12T08:01:00,ANOMALY
a0e418a1,ESP32_018,PROP_017,25.3,41,False,0,28.553977,77.210407,2026-09-04T00:58:00,NORMAL
805ee9a4,ESP32_004,PROP_010,72.7,741,True,28,28.573218,77.237875,2026-09-10T06:29:00,CONFIRMED_FIRE
891edd52,ESP32_015,PROP_043,23.8,40,False,0,28.631163,77.179392,2026-09-21T05:13:00,NORMAL
90a0a719,ESP32_018,PROP_019,84.9,806,True,17,28.645436,77.170572,2026-09-22T13:46:00,CONFIRMED_FIRE
a02a4df1,ESP32_014,PROP_031,20.4,69,False,1,28.581923,77.240591,2026-09-14T05:29:00,NORMAL
f41b4a58,ESP32_008,PROP_031,73.3,656,True,22,28.603216,77.160716,2026-09-13T07:48:00,CONFIRMED_FIRE
f7d88b6e,ESP32_001,PROP_022,86.4,911,True,18,28.632114,77.172476,2026-09-19T12:31:00,CONFIRMED_FIRE
1cc663a5,ESP32_015,PROP_022,29.1,78,False,2,28.585865,77.175416,2026-09-08T10:49:00,NORMAL
ebe6ca58,ESP32_003,PROP_047,85.2,263,False,3,28.647849,77.208843,2026-09-19T18:32:00,POSSIBLE_FIRE
88c9b888,ESP32_016,PROP_036,74.1,0,False,1,28.604665,77.241997,2026-09-22T18:31:00,ANOMALY
8b900e38,ESP32_020,PROP_006,23.7,79,False,0,28.626009,77.19423,2026-09-04T21:46:00,NORMAL
7fb050e6,ESP32_008,PROP_032,19.1,103,False,0,28.60866,77.195539,2026-09-30T18:39:00,NORMAL
50695bae,ESP32_012,PROP_036,26.4,847,False,2,28.553843,77.193382,2026-09-14T09:02:00,ANOMALY
a703552c,ESP32_003,PROP_008,25.6,58,False,0,28.576505,77.217206,2026-09-20T12:34:00,NORMAL
43c06f65,ESP32_007,PROP_007,75.0,314,False,2,28.642637,77.15849,2026-09-22T13:03:00,ANOMALY
c3f2e6f6,ESP32_006,PROP_039,81.7,733,True,13,28.559887,77.154236,2026-09-29T08:48:00,CONFIRMED_FIRE
3cd4f4e3,ESP32_018,PROP_049,89.5,740,True,21,28.595791,77.206716,2026-09-05T21:36:00,CONFIRMED_FIRE
116567f6,ESP32_007,PROP_009,85.5,689,True,13,28.600789,77.231021,2026-09-06T19:26:00,CONFIRMED_FIRE
629b37fe,ESP32_002,PROP_020,26.9,82,False,0,28.635696,77.243871,2026-09-21T17:58:00,NORMAL
68ccf6d8,ESP32_009,PROP_025,31.3,551,False,2,28.603834,77.217196,2026-09-15T08:13:00,ANOMALY
7893a09a,ESP32_015,PROP_043,25.2,58,False,0,28.550535,77.243841,2026-09-15T17:08:00,NORMAL
9f1f99ac,ESP32_007,PROP_010,30.6,92,False,0,28.630953,77.226666,2026-09-03T02:40:00,NORMAL
ad6bb0ac,ESP32_008,PROP_042,25.6,28,False,0,28.595968,77.157593,2026-09-20T13:05:00,NORMAL
8a819517,ESP32_005,PROP_030,27.1,90,False,1,28.598202,77.225778,2026-09-16T10:23:00,NORMAL
f23d5b1c,ESP32_005,PROP_001,24.0,74,False,0,28.645545,77.174696,2026-09-30T12:31:00,NORMAL
014c2bf8,ESP32_006,PROP_041,84.0,175,False,10,28.55629,77.187836,2026-09-25T07:31:00,ANOMALY
d754ae41,ESP32_014,PROP_018,75.2,474,False,1,28.594798,77.168887,2026-09-29T06:44:00,POSSIBLE_FIRE
da712b27,ESP32_018,PROP_006,25.2,29,False,0,28.605948,77.151453,2026-09-06T10:55:00,NORMAL
52692efc,ESP32_001,PROP_020,28.4,72,False,1,28.623929,77.160634,2026-09-26T22:26:00,NORMAL
2576d9a3,ESP32_019,PROP_008,30.6,33,False,1,28.613895,77.225904,2026-09-02T16:21:00,NORMAL
ea2c12a0,ESP32_001,PROP_001,38.4,470,False,0,28.560998,77.186366,2026-09-07T12:52:00,ANOMALY
31656799,ESP32_012,PROP_033,56.3,396,True,4,28.608585,77.217419,2026-09-03T16:29:00,POSSIBLE_FIRE
7d6186a7,ESP32_019,PROP_045,26.4,61,False,0,28.570141,77.150954,2026-09-10T17:37:00,NORMAL
634f7b12,ESP32_009,PROP_045,37.3,36,False,1,28.555625,77.158071,2026-09-11T21:40:00,NORMAL
4a2183c7,ESP32_016,PROP_025,22.5,79,False,2,28.61635,77.150506,2026-09-15T19:57:00,NORMAL
cb244548,ESP32_004,PROP_040,66.2,309,False,0,28.575777,77.195884,2026-09-21T02:22:00,ANOMALY
0b976801,ESP32_004,PROP_026,80.2,0,False,9,28.641068,77.245878,2026-09-21T03:20:00,ANOMALY
0d2def53,ESP32_004,PROP_044,84.2,599,True,20,28.61742,77.170447,2026-09-11T23:17:00,CONFIRMED_FIRE
7ee127c1,ESP32_004,PROP_035,28.5,77,False,0,28.637304,77.166886,2026-09-01T10:15:00,NORMAL
ebfba611,ESP32_003,PROP_032,26.7,90,False,2,28.644018,77.154679,2026-09-16T21:48:00,NORMAL
f17bcc6e,ESP32_006,PROP_046,26.3,117,False,0,28.640445,77.150075,2026-09-15T16:17:00,NORMAL
ef4f68e5,ESP32_001,PROP_014,26.4,48,False,1,28.634328,77.159751,2026-09-17T03:35:00,NORMAL
a64a2eb9,ESP32_013,PROP_012,22.8,70,False,0,28.646582,77.19325,2026-09-09T06:36:00,NORMAL
a98f5bec,ESP32_003,PROP_034,27.3,544,False,1,28.603046,77.158319,2026-09-02T18:50:00,ANOMALY
7da38a80,ESP32_019,PROP_043,30.5,67,False,2,28.617613,77.163844,2026-09-27T12:03:00,NORMAL
145a4a1f,ESP32_016,PROP_047,25.6,0,False,0,28.625728,77.239796,2026-09-18T18:32:00,NORMAL
c60a4758,ESP32_019,PROP_012,30.7,820,False,0,28.629172,77.238376,2026-09-14T13:07:00,ANOMALY
022d1f28,ESP32_019,PROP_021,20.7,58,False,2,28.559669,77.222046,2026-09-03T04:29:00,NORMAL
a827a909,ESP32_013,PROP_009,32.7,71,False,0,28.605423,77.150523,2026-09-14T05:13:00,NORMAL
1db72f6d,ESP32_006,PROP_041,26.8,48,False,2,28.565891,77.211023,2026-09-26T17:31:00,NORMAL
9063edd2,ESP32_002,PROP_011,22.5,103,False,2,28.554374,77.161081,2026-09-17T15:13:00,NORMAL
312b81f8,ESP32_014,PROP_035,27.4,27,False,2,28.610245,77.166302,2026-09-08T04:18:00,NORMAL
e6cdef19,ESP32_013,PROP_037,30.2,451,False,0,28.55291,77.15231,2026-09-08T07:58:00,ANOMALY
c23e3a7c,ESP32_020,PROP_040,82.8,113,False,0,28.592468,77.151779,2026-09-16T05:41:00,ANOMALY
4f248d12,ESP32_014,PROP_033,30.6,418,False,2,28.616213,77.165795,2026-09-13T08:23:00,ANOMALY
e4ba3fa9,ESP32_013,PROP_050,23.3,27,False,2,28.624237,77.172833,2026-09-05T16:11:00,NORMAL
8036a411,ESP32_005,PROP_020,34.3,569,False,0,28.558345,77.227144,2026-09-15T15:28:00,ANOMALY
dc080661,ESP32_007,PROP_009,31.6,71,False,0,28.637387,77.151291,2026-09-19T03:40:00,NORMAL
fea3f32e,ESP32_016,PROP_012,86.5,635,True,15,28.621039,77.216113,2026-09-24T05:51:00,CONFIRMED_FIRE
d0693b72,ESP32_016,PROP_009,23.3,36,False,0,28.640254,77.157331,2026-09-06T13:19:00,NORMAL
36cbf1ea,ESP32_018,PROP_026,19.8,128,False,0,28.577707,77.244088,2026-09-06T20:48:00,NORMAL
5c808972,ESP32_019,PROP_008,27.6,32,False,0,28.558241,77.209997,2026-09-17T01:22:00,NORMAL
8aa11fd2,ESP32_016,PROP_015,80.0,377,False,8,28.587365,77.188812,2026-09-07T16:43:00,POSSIBLE_FIRE
05e091ee,ESP32_004,PROP_017,76.1,421,False,6,28.618273,77.220076,2026-09-04T10:51:00,POSSIBLE_FIRE
c2809d29,ESP32_010,PROP_033,23.9,64,False,0,28.589679,77.193121,2026-09-24T04:47:00,NORMAL
7d9ec1f8,ESP32_007,PROP_003,30.7,122,False,0,28.604176,77.163108,2026-09-18T06:06:00,NORMAL
dae211b2,ESP32_014,PROP_033,25.4,38,False,1,28.622403,77.242881,2026-09-28T02:08:00,NORMAL
0e178ef5,ESP32_009,PROP_001,23.1,77,False,0,28.570589,77.182169,2026-09-08T00:02:00,NORMAL
25dc2cd7,ESP32_019,PROP_045,27.2,70,False,1,28.630998,77.173829,2026-09-08T09:52:00,NORMAL
adebae47,ESP32_012,PROP_039,29.5,28,False,2,28.581529,77.203949,2026-09-11T15:17:00,NORMAL
b5b31b13,ESP32_010,PROP_030,34.0,18,False,1,28.62149,77.207898,2026-09-19T21:43:00,NORMAL
b7e74225,ESP32_017,PROP_046,28.9,63,False,2,28.597131,77.197252,2026-09-15T15:58:00,NORMAL
f4a73d17,ESP32_006,PROP_043,26.6,111,False,1,28.603833,77.176885,2026-09-14T09:36:00,NORMAL
0b11af23,ESP32_004,PROP_023,87.4,683,True,13,28.565367,77.211629,2026-09-26T02:16:00,CONFIRMED_FIRE
d08503dc,ESP32_007,PROP_021,76.3,256,False,11,28.621747,77.215747,2026-09-02T12:56:00,ANOMALY
29a76ca3,ESP32_015,PROP_012,22.1,733,False,1,28.583467,77.181955,2026-09-21T19:14:00,ANOMALY
f05847e2,ESP32_004,PROP_008,68.3,117,True,1,28.612624,77.164637,2026-09-21T02:04:00,POSSIBLE_FIRE
8bad9a01,ESP32_010,PROP_022,67.5,881,True,25,28.600908,77.193325,2026-09-29T20:15:00,CONFIRMED_FIRE
04ae738a,ESP32_012,PROP_032,25.8,56,False,0,28.599193,77.180245,2026-09-27T11:15:00,NORMAL
78f36d62,ESP32_013,PROP_046,19.9,75,False,0,28.568854,77.217246,2026-09-06T19:27:00,NORMAL
c58be741,ESP32_009,PROP_014,32.9,459,False,3,28.643192,77.212794,2026-09-20T04:49:00,ANOMALY
12c86acf,ESP32_008,PROP_025,88.5,798,True,16,28.639012,77.235905,2026-09-19T10:19:00,CONFIRMED_FIRE
72dab1f4,ESP32_016,PROP_014,31.2,60,False,1,28.570935,77.153942,2026-09-19T13:08:00,NORMAL
aaba5d22,ESP32_006,PROP_041,22.4,103,False,2,28.602576,77.174952,2026-09-13T23:29:00,NORMAL
be3876c7,ESP32_010,PROP_032,59.7,342,False,6,28.602664,77.195155,2026-09-18T07:14:00,POSSIBLE_FIRE
f71c7435,ESP32_018,PROP_031,22.1,11,False,0,28.649564,77.151049,2026-09-02T10:40:00,NORMAL
4f095594,ESP32_012,PROP_045,26.3,41,False,0,28.612494,77.222887,2026-09-13T08:50:00,NORMAL
04339d08,ESP32_006,PROP_040,29.6,77,False,2,28.567926,77.23,2026-09-10T13:54:00,NORMAL
2ee88382,ESP32_008,PROP_033,68.8,541,False,5,28.560326,77.155209,2026-09-20T03:57:00,POSSIBLE_FIRE
736fc842,ESP32_006,PROP_008,28.0,53,False,0,28.619571,77.154878,2026-09-30T01:53:00,NORMAL
92d15d9c,ESP32_017,PROP_033,31.1,97,False,1,28.569669,77.173748,2026-09-05T00:41:00,NORMAL
b9ec38c3,ESP32_020,PROP_022,90.8,420,False,0,28.58411,77.20416,2026-09-10T17:06:00,POSSIBLE_FIRE
2114b5d1,ESP32_013,PROP_001,26.3,12,False,1,28.638036,77.173669,2026-09-28T23:02:00,NORMAL
af08aaf2,ESP32_018,PROP_018,84.4,831,True,12,28.612217,77.208522,2026-09-14T03:53:00,CONFIRMED_FIRE
82e86451,ESP32_015,PROP_027,28.8,52,False,0,28.628151,77.177576,2026-09-24T11:03:00,NORMAL
d0cdff39,ESP32_008,PROP_042,29.2,89,False,2,28.595222,77.164279,2026-09-02T05:37:00,NORMAL
b8296227,ESP32_003,PROP_039,76.3,439,True,9,28.594823,77.210103,2026-09-04T04:35:00,POSSIBLE_FIRE
c8471dab,ESP32_011,PROP_007,40.0,463,False,2,28.576868,77.162123,2026-09-29T21:07:00,ANOMALY
cd31db66,ESP32_020,PROP_048,29.8,93,False,1,28.632108,77.159235,2026-09-24T09:30:00,NORMAL
f28be30a,ESP32_013,PROP_037,58.9,323,False,5,28.602525,77.247403,2026-09-03T05:58:00,POSSIBLE_FIRE
d8eee72c,ESP32_005,PROP_032,32.0,416,False,3,28.609825,77.211913,2026-09-30T06:19:00,ANOMALY
9cdff7d8,ESP32_007,PROP_023,33.4,670,False,0,28.566261,77.238262,2026-09-22T14:46:00,ANOMALY
cceb5799,ESP32_020,PROP_016,92.0,772,True,15,28.608742,77.238909,2026-09-21T04:17:00,CONFIRMED_FIRE
ce774ac3,ESP32_014,PROP_005,71.3,68,False,9,28.649073,77.225678,2026-09-30T22:28:00,ANOMALY
34ac4cb7,ESP32_003,PROP_027,28.1,40,False,2,28.57769,77.248352,2026-09-14T14:24:00,NORMAL
a3024928,ESP32_006,PROP_035,23.6,82,False,1,28.584887,77.242953,2026-09-22T13:17:00,NORMAL
e001ce65,ESP32_019,PROP_019,31.5,75,False,0,28.576912,77.230313,2026-09-06T15:07:00,NORMAL
93807dea,ESP32_015,PROP_049,29.7,15,False,1,28.633432,77.207735,2026-09-27T12:16:00,NORMAL
a20b9785,ESP32_001,PROP_042,30.0,91,False,0,28.584339,77.233457,2026-09-10T04:55:00,NORMAL
320dc39b,ESP32_013,PROP_006,28.2,87,False,2,28.610577,77.173723,2026-09-19T22:45:00,NORMAL
c0503a6e,ESP32_007,PROP_001,27.9,92,False,1,28.641182,77.193913,2026-09-02T09:06:00,NORMAL
00997ee6,ESP32_013,PROP_026,22.9,14,False,2,28.553668,77.175244,2026-09-04T13:26:00,NORMAL
239d6d58,ESP32_002,PROP_009,102.2,429,False,2,28.573946,77.23674,2026-09-10T13:00:00,ANOMALY
00452342,ESP32_013,PROP_037,79.9,793,True,22,28.563062,77.174224,2026-09-22T07:34:00,CONFIRMED_FIRE
0757b0da,ESP32_009,PROP_050,19.5,78,False,0,28.643265,77.188306,2026-09-10T11:43:00,NORMAL
e0d55060,ESP32_014,PROP_030,23.2,18,False,1,28.586218,77.216047,2026-09-20T08:06:00,NORMAL
76a13f7b,ESP32_017,PROP_038,85.5,85,False,0,28.585292,77.174025,2026-09-24T10:04:00,ANOMALY
0d795590,ESP32_020,PROP_010,30.2,66,False,3,28.592749,77.183028,2026-09-23T14:08:00,NORMAL
1129a90d,ESP32_001,PROP_012,22.7,107,False,0,28.569202,77.234,2026-09-06T12:33:00,NORMAL
b38ee764,ESP32_009,PROP_009,35.2,53,False,2,28.620566,77.198923,2026-09-09T09:16:00,NORMAL
8e15aca6,ESP32_002,PROP_006,29.3,60,False,1,28.553082,77.23792,2026-09-30T00:27:00,NORMAL
7cfdef26,ESP32_012,PROP_009,22.7,64,False,2,28.594043,77.240118,2026-09-29T07:54:00,NORMAL
77237b17,ESP32_004,PROP_033,79.0,814,True,22,28.566467,77.206582,2026-09-12T02:47:00,CONFIRMED_FIRE
6fcc4179,ESP32_014,PROP_038,22.4,79,False,2,28.608124,77.165436,2026-09-28T14:36:00,NORMAL
21e5695a,ESP32_015,PROP_003,26.0,702,False,1,28.572599,77.215641,2026-09-06T13:59:00,ANOMALY
cb4d93a1,ESP32_008,PROP_025,53.6,322,False,3,28.636243,77.24615,2026-09-08T19:24:00,POSSIBLE_FIRE
6fd458a2,ESP32_016,PROP_023,27.8,601,False,0,28.557053,77.22728,2026-09-05T11:28:00,ANOMALY
c2466d3c,ESP32_004,PROP_044,86.2,889,True,23,28.600637,77.20941,2026-09-07T13:11:00,CONFIRMED_FIRE
fe33b138,ESP32_003,PROP_010,25.1,55,False,2,28.584562,77.212151,2026-09-12T01:28:00,NORMAL
fbbe4bdc,ESP32_016,PROP_008,83.2,717,True,25,28.596662,77.175701,2026-09-20T10:32:00,CONFIRMED_FIRE
8cc5c32f,ESP32_003,PROP_025,84.6,829,True,9,28.599921,77.183696,2026-09-20T07:55:00,CONFIRMED_FIRE
98e7041d,ESP32_003,PROP_046,26.8,56,False,1,28.622456,77.181151,2026-09-07T05:58:00,NORMAL
339bc33c,ESP32_010,PROP_033,87.8,867,True,11,28.55304,77.193362,2026-09-25T03:04:00,CONFIRMED_FIRE
bd5f2509,ESP32_017,PROP_049,31.5,94,False,0,28.647892,77.188637,2026-09-03T22:59:00,NORMAL
23c3bc0d,ESP32_017,PROP_038,91.2,816,True,19,28.592644,77.202675,2026-09-26T23:58:00,CONFIRMED_FIRE
ce4412fb,ESP32_010,PROP_026,27.4,76,False,0,28.631011,77.236707,2026-09-07T01:16:00,NORMAL
9b57d8e5,ESP32_010,PROP_018,86.0,758,True,19,28.641953,77.20332,2026-09-15T13:58:00,CONFIRMED_FIRE
6aea5b00,ESP32_010,PROP_040,84.7,701,True,11,28.618485,77.243245,2026-09-22T21:58:00,CONFIRMED_FIRE
5239ef06,ESP32_002,PROP_040,24.0,485,False,0,28.588708,77.24058,2026-09-20T11:51:00,ANOMALY
ab32f75b,ESP32_018,PROP_048,18.8,58,False,0,28.570796,77.154199,2026-09-02T22:03:00,NORMAL
f77bec65,ESP32_020,PROP_030,21.1,79,False,2,28.605116,77.193818,2026-09-24T22:45:00,NORMAL
eac828a1,ESP32_010,PROP_015,75.0,432,False,2,28.567866,77.226533,2026-09-18T13:38:00,POSSIBLE_FIRE
edefa646,ESP32_019,PROP_042,91.7,808,True,18,28.582135,77.248956,2026-09-13T23:20:00,CONFIRMED_FIRE
8d1f9684,ESP32_002,PROP_003,86.1,796,True,9,28.610329,77.21689,2026-09-10T04:12:00,CONFIRMED_FIRE
b5698d27,ESP32_007,PROP_033,27.8,77,False,0,28.570789,77.152653,2026-09-26T03:40:00,NORMAL
538cce6e,ESP32_015,PROP_017,90.6,312,False,2,28.624883,77.216721,2026-09-22T06:24:00,POSSIBLE_FIRE
e52e7dc4,ESP32_010,PROP_023,63.8,507,False,3,28.616691,77.173403,2026-09-01T05:37:00,POSSIBLE_FIRE
b3c749ed,ESP32_004,PROP_013,22.4,667,False,0,28.62098,77.201275,2026-09-11T02:10:00,ANOMALY
3c4dc94f,ESP32_013,PROP_032,73.3,309,False,5,28.551496,77.176455,2026-09-24T20:13:00,POSSIBLE_FIRE
b4ed692c,ESP32_008,PROP_003,22.2,61,False,1,28.559366,77.226809,2026-09-06T04:58:00,NORMAL
af28c00c,ESP32_015,PROP_044,29.1,31,False,0,28.593658,77.21338,2026-09-28T10:54:00,NORMAL
f859521d,ESP32_004,PROP_048,21.1,45,False,0,28.602308,77.21701,2026-09-30T14:52:00,NORMAL
04b78138,ESP32_007,PROP_047,72.9,340,False,5,28.589194,77.199,2026-09-12T09:27:00,POSSIBLE_FIRE
fd6eb365,ESP32_010,PROP_024,26.9,0,False,2,28.571721,77.163782,2026-09-06T11:49:00,NORMAL
0498f655,ESP32_016,PROP_036,72.5,109,True,0,28.605295,77.219654,2026-09-27T05:37:00,ANOMALY
955bb552,ESP32_003,PROP_045,77.6,455,False,5,28.596214,77.204914,2026-09-02T13:08:00,POSSIBLE_FIRE
3cab4ea7,ESP32_019,PROP_043,74.9,0,True,0,28.604968,77.15781,2026-09-07T02:16:00,ANOMALY
71fb7527,ESP32_007,PROP_048,26.6,90,False,2,28.581912,77.196992,2026-09-12T00:08:00,NORMAL
8956c5e9,ESP32_002,PROP_006,36.6,296,False,4,28.570748,77.176213,2026-09-03T14:34:00,ANOMALY
51da5240,ESP32_018,PROP_050,85.8,698,True,17,28.637188,77.189523,2026-09-24T09:55:00,CONFIRMED_FIRE
c190e997,ESP32_017,PROP_048,77.8,136,False,0,28.564419,77.17044,2026-09-13T06:56:00,ANOMALY
600922c1,ESP32_017,PROP_042,19.8,120,False,0,28.63226,77.186019,2026-09-02T17:31:00,NORMAL
78832fe3,ESP32_005,PROP_037,64.2,175,False,2,28.609087,77.241321,2026-09-06T15:50:00,POSSIBLE_FIRE
3c8b2334,ESP32_007,PROP_027,57.2,199,False,8,28.611353,77.244504,2026-09-25T20:30:00,POSSIBLE_FIRE
1be14f40,ESP32_003,PROP_022,19.6,23,False,0,28.602314,77.219969,2026-09-08T04:57:00,NORMAL
83f8cd2b,ESP32_011,PROP_038,93.5,732,True,16,28.644196,77.218126,2026-09-15T03:56:00,CONFIRMED_FIRE
e7e3a7d4,ESP32_020,PROP_015,63.0,373,False,8,28.603882,77.194611,2026-09-27T07:09:00,POSSIBLE_FIRE
9a7eb990,ESP32_011,PROP_027,84.2,802,True,21,28.558988,77.163193,2026-09-03T10:46:00,CONFIRMED_FIRE
4df39fd5,ESP32_007,PROP_010,69.9,298,False,4,28.569854,77.199483,2026-09-03T00:01:00,POSSIBLE_FIRE
c0165add,ESP32_014,PROP_006,23.9,46,False,2,28.564128,77.171198,2026-09-29T02:21:00,NORMAL
58b3c2de,ESP32_020,PROP_008,85.5,117,False,0,28.646102,77.151308,2026-09-27T16:28:00,POSSIBLE_FIRE
7b51cfe1,ESP32_009,PROP_033,73.9,490,False,4,28.57106,77.178289,2026-09-22T00:01:00,ANOMALY
dbf1a636,ESP32_019,PROP_003,28.1,0,False,2,28.580233,77.175933,2026-09-04T08:57:00,NORMAL
ea5492af,ESP32_013,PROP_023,23.3,94,False,0,28.625454,77.160312,2026-09-10T23:57:00,NORMAL
4f4a302e,ESP32_005,PROP_048,27.2,63,False,0,28.625175,77.2303,2026-09-09T00:57:00,NORMAL
95961442,ESP32_017,PROP_048,19.9,37,False,0,28.645395,77.236557,2026-09-20T16:13:00,NORMAL
4993eafb,ESP32_006,PROP_033,75.8,436,False,0,28.552255,77.155575,2026-09-21T21:39:00,POSSIBLE_FIRE
0168fd45,ESP32_017,PROP_045,29.4,21,False,0,28.562819,77.162292,2026-09-02T01:09:00,NORMAL
63d36d1b,ESP32_010,PROP_013,25.3,111,False,0,28.563315,77.160215,2026-09-03T05:11:00,NORMAL
794551a7,ESP32_007,PROP_023,29.9,78,False,0,28.562263,77.193346,2026-09-14T07:54:00,NORMAL
27f46dd7,ESP32_012,PROP_047,58.5,392,False,3,28.586464,77.235766,2026-09-04T21:14:00,POSSIBLE_FIRE
6acb14e7,ESP32_003,PROP_012,28.4,20,False,2,28.583521,77.167376,2026-09-26T01:56:00,NORMAL
11f23729,ESP32_001,PROP_049,29.2,34,False,0,28.6257,77.15469,2026-09-06T00:39:00,NORMAL
aa9d1353,ESP32_017,PROP_042,89.9,853,True,19,28.600597,77.172235,2026-09-07T06:34:00,CONFIRMED_FIRE
d3d67be2,ESP32_009,PROP_040,26.9,60,False,1,28.587147,77.169517,2026-09-10T17:51:00,NORMAL
f4314543,ESP32_004,PROP_020,66.0,363,False,7,28.586356,77.203149,2026-09-29T11:57:00,POSSIBLE_FIRE
babe1a16,ESP32_017,PROP_045,79.3,872,True,14,28.603701,77.240796,2026-09-07T19:39:00,CONFIRMED_FIRE
7e0fcb3d,ESP32_016,PROP_025,20.2,120,False,1,28.623132,77.219728,2026-09-24T02:32:00,NORMAL
c6bd1335,ESP32_007,PROP_022,36.0,673,False,3,28.634721,77.199194,2026-09-25T10:00:00,ANOMALY
647ac5d1,ESP32_014,PROP_005,24.5,11,False,1,28.612091,77.242866,2026-09-16T22:53:00,NORMAL
7dd74cfd,ESP32_013,PROP_044,85.8,795,True,20,28.645901,77.213874,2026-09-04T00:50:00,CONFIRMED_FIRE
c7a696c0,ESP32_003,PROP_015,74.8,713,True,24,28.626254,77.175681,2026-09-12T01:30:00,CONFIRMED_FIRE
c90d48d3,ESP32_009,PROP_003,23.7,0,False,0,28.645565,77.236213,2026-09-21T06:32:00,NORMAL
462fb68c,ESP32_012,PROP_040,25.0,34,False,0,28.559887,77.231218,2026-09-07T22:07:00,NORMAL
4c33a16f,ESP32_009,PROP_009,16.5,16,False,0,28.631668,77.178456,2026-09-24T08:23:00,NORMAL
1fd09cf4,ESP32_008,PROP_004,23.5,26,False,1,28.588817,77.217413,2026-09-07T00:42:00,NORMAL
412f565e,ESP32_004,PROP_014,62.5,362,False,7,28.637521,77.201221,2026-09-20T10:56:00,POSSIBLE_FIRE
91f23be8,ESP32_011,PROP_026,26.9,31,False,1,28.581348,77.212056,2026-09-21T04:19:00,NORMAL
6a71d33f,ESP32_017,PROP_027,69.8,304,False,5,28.637783,77.239511,2026-09-12T08:32:00,POSSIBLE_FIRE
96434d7c,ESP32_015,PROP_006,80.0,0,False,20,28.626223,77.202041,2026-09-26T20:42:00,ANOMALY
ff0d6408,ESP32_020,PROP_026,78.2,46,False,0,28.600768,77.219244,2026-09-05T16:08:00,ANOMALY
8023a77a,ESP32_016,PROP_002,77.7,803,True,20,28.648987,77.171392,2026-09-29T08:21:00,CONFIRMED_FIRE
25c30fad,ESP32_010,PROP_006,88.8,673,True,19,28.598635,77.170976,2026-09-24T10:26:00,CONFIRMED_FIRE
b920fbff,ESP32_006,PROP_004,74.1,357,True,5,28.612585,77.190914,2026-09-25T03:04:00,POSSIBLE_FIRE
b9d734a3,ESP32_017,PROP_017,29.6,513,False,2,28.567954,77.193265,2026-09-29T05:32:00,ANOMALY
efa33bbd,ESP32_015,PROP_010,28.6,75,False,1,28.551469,77.187909,2026-09-13T15:19:00,NORMAL
9e6d671a,ESP32_015,PROP_002,77.0,519,False,1,28.589773,77.192811,2026-09-05T05:00:00,POSSIBLE_FIRE
511460c4,ESP32_019,PROP_019,24.9,70,False,1,28.635497,77.238256,2026-09-04T11:14:00,NORMAL
cb9ac941,ESP32_019,PROP_027,88.0,889,True,14,28.602142,77.227899,2026-09-18T06:12:00,CONFIRMED_FIRE
b0987b9f,ESP32_016,PROP_031,79.5,1,False,0,28.553599,77.233157,2026-09-12T23:01:00,ANOMALY
9b033022,ESP32_003,PROP_018,63.7,0,False,5,28.61597,77.215253,2026-09-02T14:02:00,ANOMALY
db311627,ESP32_002,PROP_043,25.2,69,False,1,28.613795,77.233364,2026-09-20T15:13:00,NORMAL
ea2bb50b,ESP32_009,PROP_026,20.8,61,False,0,28.629941,77.21279,2026-09-08T06:38:00,NORMAL
1d7f9858,ESP32_013,PROP_050,62.8,349,False,2,28.599885,77.171509,2026-09-11T04:22:00,POSSIBLE_FIRE
42c150e1,ESP32_008,PROP_032,24.4,346,False,4,28.566429,77.163059,2026-09-02T14:41:00,ANOMALY
816878f9,ESP32_020,PROP_018,19.1,46,False,0,28.629269,77.177914,2026-09-09T08:55:00,NORMAL
752b3d8c,ESP32_019,PROP_001,80.9,724,True,20,28.598144,77.15444,2026-09-04T09:01:00,CONFIRMED_FIRE
cd2b5bd2,ESP32_007,PROP_016,62.9,443,False,0,28.584155,77.245932,2026-09-21T14:22:00,ANOMALY
5b9995dc,ESP32_010,PROP_039,19.2,46,False,0,28.58656,77.18537,2026-09-13T02:20:00,NORMAL
05350273,ESP32_005,PROP_004,19.0,30,False,0,28.585619,77.219701,2026-09-10T13:56:00,NORMAL
38f8853b,ESP32_003,PROP_049,27.5,65,False,0,28.615319,77.184905,2026-09-26T21:37:00,NORMAL
3fb1f562,ESP32_004,PROP_001,79.0,935,True,22,28.593762,77.246823,2026-09-25T20:47:00,CONFIRMED_FIRE
6e958772,ESP32_012,PROP_026,23.3,41,False,3,28.608221,77.249021,2026-09-24T04:38:00,NORMAL
f7948836,ESP32_018,PROP_047,26.1,89,False,1,28.578255,77.177901,2026-09-01T23:27:00,NORMAL
e1564627,ESP32_005,PROP_035,82.4,750,True,24,28.587,77.17848,2026-09-05T23:20:00,CONFIRMED_FIRE
598c839d,ESP32_004,PROP_037,82.6,876,True,14,28.591987,77.211328,2026-09-06T18:35:00,CONFIRMED_FIRE
4f4bc5a2,ESP32_004,PROP_005,71.7,819,True,17,28.619977,77.170557,2026-09-16T19:38:00,CONFIRMED_FIRE
b60ad0ad,ESP32_018,PROP_004,18.5,90,False,1,28.634727,77.240224,2026-09-18T04:09:00,NORMAL
6db23a80,ESP32_011,PROP_018,75.9,343,False,1,28.607728,77.217639,2026-09-04T17:36:00,ANOMALY
9535b813,ESP32_009,PROP_029,22.0,30,False,0,28.60598,77.202012,2026-09-07T18:15:00,NORMAL
130f92af,ESP32_010,PROP_018,24.8,54,False,1,28.641261,77.167735,2026-09-26T16:15:00,NORMAL
90aea49f,ESP32_014,PROP_022,25.4,50,False,0,28.621793,77.178361,2026-09-11T08:24:00,NORMAL
6ec0e705,ESP32_016,PROP_022,22.8,37,False,0,28.61034,77.230678,2026-09-26T21:29:00,NORMAL
3bff5da7,ESP32_011,PROP_001,28.5,76,False,1,28.558439,77.189937,2026-09-27T13:24:00,NORMAL
40d28b91,ESP32_014,PROP_013,61.5,119,False,6,28.643102,77.234142,2026-09-04T17:21:00,POSSIBLE_FIRE
5a9fcce1,ESP32_008,PROP_023,24.1,66,False,0,28.557708,77.184038,2026-09-24T01:29:00,NORMAL
9948a8ea,ESP32_018,PROP_015,25.5,62,False,1,28.573369,77.21392,2026-09-11T19:27:00,NORMAL
26c9c5b0,ESP32_020,PROP_024,28.0,84,False,1,28.622486,77.237765,2026-09-01T23:21:00,NORMAL
7431b5fb,ESP32_015,PROP_039,67.6,259,False,8,28.625009,77.234295,2026-09-10T11:45:00,POSSIBLE_FIRE
1e2f2f25,ESP32_009,PROP_010,67.2,333,False,1,28.612751,77.228441,2026-09-23T19:55:00,POSSIBLE_FIRE
16100460,ESP32_019,PROP_018,24.1,95,False,0,28.628653,77.181254,2026-09-18T21:05:00,NORMAL
57d6ffc1,ESP32_012,PROP_039,19.9,69,False,1,28.613541,77.212982,2026-09-14T08:29:00,NORMAL
f28a0e91,ESP32_013,PROP_020,19.4,62,False,0,28.597397,77.18551,2026-09-12T12:56:00,NORMAL
5a603d29,ESP32_013,PROP_049,24.5,133,False,0,28.646116,77.239171,2026-09-04T04:34:00,NORMAL
cd6ac447,ESP32_010,PROP_002,22.1,44,False,2,28.638804,77.209869,2026-09-07T07:41:00,NORMAL
705dab52,ESP32_009,PROP_039,32.3,39,False,0,28.624604,77.208337,2026-09-01T08:24:00,NORMAL
83f4a20d,ESP32_002,PROP_030,22.0,87,False,0,28.636864,77.222434,2026-09-26T00:46:00,NORMAL
70954359,ESP32_009,PROP_049,19.3,105,False,0,28.584652,77.189761,2026-09-28T17:30:00,NORMAL
cda46a35,ESP32_015,PROP_007,23.9,90,False,0,28.568712,77.205555,2026-09-30T02:30:00,NORMAL
2bd4e4ff,ESP32_011,PROP_019,78.2,825,True,14,28.635875,77.190357,2026-09-11T15:05:00,CONFIRMED_FIRE
490fdff8,ESP32_012,PROP_009,81.8,804,True,22,28.631821,77.150565,2026-09-24T11:25:00,CONFIRMED_FIRE
6ecafbdb,ESP32_004,PROP_040,72.4,476,True,7,28.598959,77.181138,2026-09-07T07:28:00,POSSIBLE_FIRE
478390e7,ESP32_018,PROP_045,81.0,13,False,0,28.61083,77.221535,2026-09-22T15:12:00,ANOMALY
fda9f651,ESP32_017,PROP_020,82.6,83,False,14,28.568231,77.247384,2026-09-14T15:02:00,ANOMALY
07695852,ESP32_007,PROP_021,53.8,307,False,0,28.611561,77.159505,2026-09-11T08:21:00,POSSIBLE_FIRE
084f27bf,ESP32_012,PROP_020,80.2,765,True,21,28.556899,77.246843,2026-09-23T03:53:00,CONFIRMED_FIRE
f0dc0d01,ESP32_013,PROP_041,68.8,345,False,0,28.604293,77.176006,2026-09-21T14:37:00,POSSIBLE_FIRE
cd42b251,ESP32_018,PROP_011,68.1,814,True,13,28.579734,77.175741,2026-09-06T13:56:00,CONFIRMED_FIRE
bcaafa5d,ESP32_017,PROP_017,28.6,64,False,1,28.605731,77.165604,2026-09-10T02:56:00,NORMAL
e80b887f,ESP32_015,PROP_043,23.0,68,False,1,28.550003,77.221214,2026-09-15T13:15:00,NORMAL
519d5432,ESP32_013,PROP_005,26.4,75,False,0,28.559697,77.167903,2026-09-14T09:21:00,NORMAL
ec6e9313,ESP32_014,PROP_033,31.0,46,False,1,28.624631,77.150835,2026-09-14T23:57:00,NORMAL
89e51d8d,ESP32_012,PROP_035,77.8,0,True,8,28.648039,77.187814,2026-09-01T18:14:00,ANOMALY
11446560,ESP32_008,PROP_009,26.0,60,False,0,28.59187,77.171963,2026-09-17T23:06:00,NORMAL
d36f0870,ESP32_020,PROP_033,29.0,59,False,0,28.605965,77.150977,2026-09-05T10:08:00,NORMAL
6a222dbf,ESP32_009,PROP_027,94.7,720,True,24,28.617532,77.24325,2026-09-14T20:32:00,CONFIRMED_FIRE
f3ad4648,ESP32_007,PROP_045,25.2,30,False,0,28.62423,77.21431,2026-09-26T11:41:00,NORMAL
0e3568c7,ESP32_012,PROP_025,37.1,330,False,6,28.56826,77.211659,2026-09-23T03:39:00,ANOMALY
feb250b8,ESP32_001,PROP_020,27.9,96,False,0,28.621127,77.159999,2026-09-22T00:45:00,NORMAL
bf65c944,ESP32_007,PROP_034,25.0,66,False,2,28.632447,77.164644,2026-09-08T08:29:00,NORMAL
61a7ce28,ESP32_012,PROP_031,79.0,270,False,11,28.587604,77.244261,2026-09-21T11:29:00,POSSIBLE_FIRE
cbaf5bbf,ESP32_012,PROP_011,34.9,54,False,0,28.605771,77.184728,2026-09-24T21:15:00,NORMAL
3a5c7ed5,ESP32_015,PROP_022,26.8,57,False,1,28.606658,77.189104,2026-09-26T14:35:00,NORMAL
fb35d549,ESP32_004,PROP_012,27.2,51,False,3,28.578179,77.222198,2026-09-20T15:01:00,NORMAL
7acf036e,ESP32_009,PROP_019,28.2,86,False,1,28.637275,77.161258,2026-09-24T18:28:00,NORMAL
eb9f68fa,ESP32_013,PROP_049,73.6,850,False,16,28.572301,77.202563,2026-09-09T23:30:00,CONFIRMED_FIRE
2b364a87,ESP32_011,PROP_027,77.3,267,False,6,28.648269,77.236025,2026-09-06T17:33:00,POSSIBLE_FIRE
4ab7e360,ESP32_015,PROP_014,78.5,855,True,19,28.572719,77.15041,2026-09-28T02:42:00,CONFIRMED_FIRE
1d83ab78,ESP32_005,PROP_013,90.4,836,True,17,28.610557,77.217987,2026-09-07T08:55:00,CONFIRMED_FIRE
f2f1f629,ESP32_004,PROP_042,83.8,678,True,24,28.555058,77.19933,2026-09-08T20:24:00,CONFIRMED_FIRE
b0429c90,ESP32_009,PROP_047,90.7,776,True,19,28.610131,77.221219,2026-09-27T15:06:00,CONFIRMED_FIRE
d4844f23,ESP32_006,PROP_047,59.7,355,False,3,28.575225,77.203422,2026-09-24T04:42:00,POSSIBLE_FIRE
3891e2f3,ESP32_016,PROP_020,24.1,87,False,0,28.573032,77.160641,2026-09-17T16:14:00,NORMAL
b2c1b478,ESP32_019,PROP_045,96.5,88,False,3,28.578775,77.165227,2026-09-01T01:42:00,ANOMALY
1b4d5e48,ESP32_007,PROP_020,88.0,737,True,14,28.590735,77.219889,2026-09-27T20:33:00,CONFIRMED_FIRE
ed9745a4,ESP32_002,PROP_024,22.1,60,False,3,28.610065,77.224359,2026-09-30T16:32:00,NORMAL
44040c63,ESP32_001,PROP_019,25.3,41,False,1,28.602188,77.156797,2026-09-04T16:16:00,NORMAL
56b29ca3,ESP32_004,PROP_021,75.7,297,False,0,28.577154,77.194926,2026-09-18T22:35:00,POSSIBLE_FIRE
42692d6c,ESP32_014,PROP_031,83.1,709,True,18,28.594365,77.158703,2026-09-23T18:46:00,CONFIRMED_FIRE
08ff7d59,ESP32_005,PROP_041,78.1,664,True,24,28.555178,77.241615,2026-09-03T22:34:00,CONFIRMED_FIRE
1f448522,ESP32_007,PROP_003,24.9,51,False,1,28.631413,77.218513,2026-09-12T22:26:00,NORMAL
e4ecd49b,ESP32_015,PROP_003,79.1,313,True,6,28.579122,77.211418,2026-09-19T08:15:00,POSSIBLE_FIRE
e7ed817d,ESP32_002,PROP_015,23.6,47,False,1,28.595393,77.2007,2026-09-13T17:12:00,NORMAL
9f6349bf,ESP32_007,PROP_042,29.0,101,False,1,28.585248,77.162611,2026-09-15T01:49:00,NORMAL
f804a116,ESP32_020,PROP_011,65.8,422,True,3,28.583864,77.162648,2026-09-20T08:43:00,POSSIBLE_FIRE
0433464c,ESP32_012,PROP_026,81.2,786,True,17,28.577959,77.207074,2026-09-17T19:35:00,CONFIRMED_FIRE
33542d0f,ESP32_009,PROP_047,25.1,57,False,1,28.566279,77.209521,2026-09-16T23:19:00,NORMAL
5655787f,ESP32_012,PROP_036,84.9,201,False,2,28.61454,77.218737,2026-09-27T14:19:00,POSSIBLE_FIRE
c222557b,ESP32_007,PROP_049,26.4,99,False,1,28.606731,77.175656,2026-09-18T02:11:00,NORMAL
d3a3b898,ESP32_010,PROP_011,23.9,560,False,0,28.648596,77.153153,2026-09-18T23:38:00,ANOMALY
0a886dd0,ESP32_005,PROP_004,21.1,24,False,2,28.585041,77.241293,2026-09-09T06:59:00,NORMAL
2bdfb22f,ESP32_019,PROP_002,87.6,786,True,18,28.623415,77.245087,2026-09-19T23:32:00,CONFIRMED_FIRE
b254ed74,ESP32_007,PROP_032,22.9,64,False,0,28.58321,77.18418,2026-09-03T19:05:00,NORMAL
9b75e8e0,ESP32_020,PROP_015,30.7,355,False,0,28.617257,77.219051,2026-09-19T23:26:00,ANOMALY
505a0fdd,ESP32_018,PROP_038,31.0,66,False,1,28.551916,77.232686,2026-09-04T09:57:00,NORMAL
8f88c0ec,ESP32_004,PROP_023,26.2,66,False,1,28.621514,77.181495,2026-09-07T21:21:00,NORMAL
c826115c,ESP32_018,PROP_015,86.8,694,True,18,28.606485,77.220334,2026-09-29T21:42:00,CONFIRMED_FIRE
12cc30ad,ESP32_014,PROP_048,28.7,601,False,2,28.601228,77.161274,2026-09-19T02:41:00,ANOMALY
4517787e,ESP32_012,PROP_010,93.5,778,True,18,28.615253,77.211208,2026-09-23T20:37:00,CONFIRMED_FIRE
646d370f,ESP32_015,PROP_034,87.9,673,False,24,28.583228,77.240073,2026-09-19T23:54:00,CONFIRMED_FIRE
5d123c08,ESP32_001,PROP_029,30.3,65,False,1,28.583616,77.180847,2026-09-27T06:48:00,NORMAL
9ce9f947,ESP32_001,PROP_004,26.7,0,False,1,28.575362,77.238373,2026-09-01T19:44:00,NORMAL
4fd53889,ESP32_020,PROP_016,76.1,329,False,6,28.607982,77.187009,2026-09-06T04:00:00,POSSIBLE_FIRE
29d6fc4f,ESP32_010,PROP_048,24.1,39,False,0,28.555535,77.164458,2026-09-21T16:05:00,NORMAL
2c968408,ESP32_020,PROP_040,25.5,30,False,1,28.633416,77.161797,2026-09-02T19:43:00,NORMAL
c9df772d,ESP32_013,PROP_025,30.4,76,False,0,28.648779,77.163644,2026-09-20T18:42:00,NORMAL
104efa37,ESP32_014,PROP_014,83.1,801,True,16,28.647562,77.23625,2026-09-13T05:00:00,CONFIRMED_FIRE
4a03a19a,ESP32_006,PROP_003,17.8,107,False,0,28.598928,77.178609,2026-09-17T17:58:00,NORMAL
e9f5454f,ESP32_012,PROP_048,91.8,820,True,13,28.616758,77.220541,2026-09-01T22:53:00,CONFIRMED_FIRE
b81e95ef,ESP32_019,PROP_018,23.4,83,False,2,28.574751,77.166282,2026-09-29T10:08:00,NORMAL
8e5a9259,ESP32_008,PROP_021,26.2,77,False,1,28.606484,77.167966,2026-09-05T18:13:00,NORMAL
604ce2b8,ESP32_004,PROP_044,28.2,100,False,0,28.612873,77.17661,2026-09-15T19:01:00,NORMAL
06edfb6c,ESP32_004,PROP_035,29.1,64,False,0,28.602213,77.190154,2026-09-23T17:05:00,NORMAL
8349691d,ESP32_002,PROP_004,80.4,694,True,21,28.555522,77.245464,2026-09-20T23:53:00,CONFIRMED_FIRE
55810d85,ESP32_017,PROP_023,25.9,99,False,0,28.601841,77.165017,2026-09-21T21:51:00,NORMAL
5ce17fd2,ESP32_020,PROP_049,27.4,45,False,0,28.556489,77.175392,2026-09-13T06:35:00,NORMAL
1e91303d,ESP32_018,PROP_028,24.6,55,False,1,28.550671,77.188587,2026-09-09T03:38:00,NORMAL
b68f509f,ESP32_019,PROP_040,29.5,90,False,0,28.597344,77.235455,2026-09-25T00:05:00,NORMAL
39125916,ESP32_003,PROP_048,68.2,462,True,9,28.558849,77.152638,2026-09-23T01:30:00,POSSIBLE_FIRE
884434c5,ESP32_015,PROP_030,28.5,57,False,0,28.631341,77.224283,2026-09-02T11:08:00,NORMAL
1ae2eed3,ESP32_008,PROP_019,82.6,128,False,0,28.646625,77.24738,2026-09-04T18:43:00,ANOMALY
e082ddfa,ESP32_009,PROP_031,23.7,69,False,3,28.608737,77.15854,2026-09-17T03:07:00,NORMAL
aea2a468,ESP32_020,PROP_016,93.5,760,True,17,28.552534,77.207035,2026-09-26T06:57:00,CONFIRMED_FIRE
e7bdd281,ESP32_007,PROP_030,25.2,62,False,0,28.586365,77.159859,2026-09-23T09:43:00,NORMAL
9b61bc66,ESP32_002,PROP_008,77.5,659,False,0,28.631911,77.204713,2026-09-18T09:17:00,POSSIBLE_FIRE
b86f3595,ESP32_019,PROP_003,23.4,0,False,0,28.579427,77.16148,2026-09-14T16:58:00,NORMAL
ee6d61a5,ESP32_008,PROP_023,24.9,59,False,1,28.621632,77.157208,2026-09-17T16:34:00,NORMAL
98d7fbbe,ESP32_013,PROP_031,27.8,71,False,1,28.622716,77.248076,2026-09-22T09:14:00,NORMAL
6b98f3c8,ESP32_008,PROP_045,81.8,121,False,2,28.636394,77.228152,2026-09-19T17:34:00,POSSIBLE_FIRE
1db3307f,ESP32_013,PROP_001,73.8,215,False,0,28.560962,77.198989,2026-09-06T10:55:00,ANOMALY
981e68f3,ESP32_006,PROP_030,81.8,168,False,1,28.646851,77.195547,2026-09-27T10:11:00,POSSIBLE_FIRE
49c2ac5c,ESP32_016,PROP_038,91.0,757,True,19,28.550261,77.212824,2026-09-02T07:50:00,CONFIRMED_FIRE
ad55a42f,ESP32_015,PROP_038,78.7,698,True,18,28.585554,77.239977,2026-09-21T03:04:00,CONFIRMED_FIRE
c48c75f1,ESP32_012,PROP_027,70.5,453,False,6,28.639211,77.153078,2026-09-19T21:15:00,POSSIBLE_FIRE
8636d95d,ESP32_006,PROP_017,78.1,455,False,2,28.564077,77.17249,2026-09-25T01:34:00,POSSIBLE_FIRE
f93ee0b4,ESP32_016,PROP_030,22.4,207,False,0,28.556055,77.218682,2026-09-03T06:59:00,ANOMALY
b2d95a50,ESP32_007,PROP_022,17.6,35,False,1,28.594552,77.246697,2026-09-05T23:54:00,NORMAL
bf360788,ESP32_006,PROP_033,75.2,795,True,17,28.594232,77.205642,2026-09-06T11:34:00,CONFIRMED_FIRE
f75ac74a,ESP32_006,PROP_041,68.7,451,True,9,28.628986,77.211835,2026-09-05T18:29:00,POSSIBLE_FIRE
38e3d7e1,ESP32_006,PROP_018,26.1,78,False,1,28.648118,77.169011,2026-09-24T08:50:00,NORMAL
dc2a8cc1,ESP32_001,PROP_001,32.7,8,False,0,28.598037,77.248529,2026-09-17T13:13:00,NORMAL
127c7c26,ESP32_015,PROP_043,20.8,72,False,3,28.555451,77.181404,2026-09-23T20:42:00,NORMAL
cac21beb,ESP32_011,PROP_028,27.3,53,False,1,28.572306,77.237311,2026-09-08T14:36:00,NORMAL
23964622,ESP32_004,PROP_019,26.2,76,False,0,28.623316,77.249542,2026-09-16T04:36:00,NORMAL
b4a04fcf,ESP32_003,PROP_049,31.3,35,False,0,28.623165,77.162769,2026-09-04T13:04:00,NORMAL
44920385,ESP32_011,PROP_042,27.3,86,False,1,28.632511,77.186306,2026-09-08T21:42:00,NORMAL
8233a3fb,ESP32_011,PROP_039,32.7,106,False,0,28.562482,77.229421,2026-09-02T08:40:00,NORMAL
2439754c,ESP32_011,PROP_018,85.8,733,True,17,28.554233,77.15112,2026-09-11T18:16:00,CONFIRMED_FIRE
2705eb06,ESP32_001,PROP_003,29.4,45,False,0,28.590967,77.215517,2026-09-02T03:17:00,NORMAL
b9751516,ESP32_009,PROP_034,29.0,82,False,0,28.636107,77.171951,2026-09-13T08:11:00,NORMAL
e381ecdb,ESP32_005,PROP_009,67.6,348,False,2,28.577857,77.227159,2026-09-06T06:54:00,POSSIBLE_FIRE
d0cb52a3,ESP32_002,PROP_047,23.1,66,False,1,28.645409,77.1635,2026-09-17T13:43:00,NORMAL
e5a90131,ESP32_013,PROP_031,55.3,140,False,0,28.590367,77.221266,2026-09-30T18:11:00,ANOMALY
c7dc1304,ESP32_004,PROP_026,25.1,646,False,0,28.637895,77.246192,2026-09-14T16:49:00,ANOMALY
3362e984,ESP32_018,PROP_024,30.7,31,False,1,28.634597,77.192751,2026-09-26T07:43:00,NORMAL
49f6f99f,ESP32_014,PROP_017,90.2,795,True,7,28.570875,77.198582,2026-09-18T01:35:00,CONFIRMED_FIRE
fcf59cb4,ESP32_006,PROP_004,20.2,45,False,0,28.557041,77.185493,2026-09-16T22:16:00,NORMAL
ee629bd0,ESP32_019,PROP_043,32.6,56,False,0,28.600195,77.240993,2026-09-22T14:19:00,NORMAL
d55cd602,ESP32_012,PROP_008,86.0,61,False,0,28.642046,77.2402,2026-09-16T11:30:00,ANOMALY
bfe7e844,ESP32_014,PROP_014,69.7,465,False,3,28.612029,77.179429,2026-09-15T01:23:00,POSSIBLE_FIRE
cbb75aec,ESP32_009,PROP_023,68.9,286,True,6,28.556213,77.226656,2026-09-11T23:48:00,POSSIBLE_FIRE
fd220eda,ESP32_007,PROP_031,30.2,57,True,0,28.550112,77.205618,2026-09-19T11:08:00,NORMAL
ec62c57e,ESP32_008,PROP_039,79.6,809,True,16,28.595256,77.23812,2026-09-10T00:37:00,CONFIRMED_FIRE
f97bd207,ESP32_011,PROP_040,15.0,68,False,3,28.559327,77.246382,2026-09-28T20:50:00,NORMAL
e2e053bc,ESP32_015,PROP_005,24.9,65,False,1,28.58118,77.174977,2026-09-02T19:38:00,NORMAL
9da5edc7,ESP32_001,PROP_046,79.7,0,False,14,28.624209,77.219615,2026-09-24T07:57:00,ANOMALY
cb1b32f1,ESP32_013,PROP_012,59.0,254,False,5,28.647893,77.167239,2026-09-01T13:44:00,POSSIBLE_FIRE
be77f388,ESP32_007,PROP_017,29.5,53,False,0,28.602783,77.228793,2026-09-22T16:18:00,NORMAL
c9b4de91,ESP32_016,PROP_047,89.9,661,False,10,28.598335,77.183169,2026-09-29T14:41:00,CONFIRMED_FIRE
1bdfe5ab,ESP32_013,PROP_031,73.8,388,False,3,28.625889,77.203269,2026-09-26T10:21:00,POSSIBLE_FIRE
a3b68b43,ESP32_002,PROP_039,76.7,822,True,19,28.621303,77.154028,2026-09-06T21:52:00,CONFIRMED_FIRE
86111878,ESP32_015,PROP_019,75.3,255,False,5,28.649037,77.169217,2026-09-05T15:01:00,POSSIBLE_FIRE
1655068f,ESP32_012,PROP_025,21.0,92,False,0,28.627773,77.235832,2026-09-01T14:05:00,NORMAL
c6297fea,ESP32_019,PROP_032,91.3,876,True,16,28.613455,77.218439,2026-09-07T16:02:00,CONFIRMED_FIRE
c3d6591d,ESP32_001,PROP_026,74.4,787,True,18,28.646074,77.161996,2026-09-11T23:04:00,CONFIRMED_FIRE
296eff6d,ESP32_020,PROP_010,71.4,440,False,3,28.614231,77.177609,2026-09-30T12:05:00,POSSIBLE_FIRE
6b74b0e5,ESP32_016,PROP_007,24.2,91,False,1,28.577367,77.248001,2026-09-19T06:56:00,NORMAL
aa056d2b,ESP32_005,PROP_004,74.2,154,False,4,28.554915,77.150531,2026-09-18T01:21:00,POSSIBLE_FIRE
7e601eb1,ESP32_002,PROP_007,72.3,377,False,1,28.627347,77.237512,2026-09-20T08:33:00,POSSIBLE_FIRE
93acd7da,ESP32_013,PROP_023,30.9,40,False,0,28.579146,77.170754,2026-09-09T03:37:00,NORMAL
6bb08cee,ESP32_004,PROP_001,82.9,816,True,16,28.571262,77.187434,2026-09-14T23:59:00,CONFIRMED_FIRE
da9c6e94,ESP32_002,PROP_013,93.8,570,True,18,28.643406,77.235422,2026-09-03T14:22:00,CONFIRMED_FIRE
ecb849c7,ESP32_001,PROP_026,34.7,453,False,0,28.588223,77.152515,2026-09-16T11:22:00,ANOMALY
ad66d970,ESP32_015,PROP_048,27.1,65,False,1,28.565486,77.1873,2026-09-21T12:51:00,NORMAL
2473a221,ESP32_011,PROP_027,28.8,93,False,0,28.609277,77.164836,2026-09-01T08:27:00,NORMAL
320e1116,ESP32_020,PROP_044,31.7,12,False,0,28.559664,77.16769,2026-09-03T19:58:00,NORMAL
89e58bcb,ESP32_002,PROP_028,28.5,46,False,0,28.622281,77.156767,2026-09-15T14:08:00,NORMAL
4cde11ed,ESP32_019,PROP_011,25.7,47,False,2,28.570377,77.202333,2026-09-24T02:03:00,NORMAL
a5350377,ESP32_009,PROP_024,27.1,19,False,0,28.592892,77.208556,2026-09-30T04:26:00,NORMAL
ead8c2d4,ESP32_002,PROP_017,28.7,686,False,4,28.639741,77.183257,2026-09-12T05:52:00,ANOMALY
bd346b7c,ESP32_007,PROP_023,32.7,90,False,0,28.550735,77.219172,2026-09-02T16:29:00,NORMAL
eb9e636c,ESP32_007,PROP_025,21.1,50,False,1,28.582838,77.213021,2026-09-27T02:14:00,NORMAL
059531bf,ESP32_016,PROP_024,25.0,64,False,0,28.644377,77.247649,2026-09-25T04:40:00,NORMAL
7c4933e5,ESP32_006,PROP_014,31.4,103,False,1,28.576242,77.174176,2026-09-18T19:55:00,NORMAL
c0182035,ESP32_020,PROP_012,19.3,35,False,0,28.605969,77.160526,2026-09-04T23:44:00,NORMAL
93ceb1bb,ESP32_005,PROP_004,24.7,70,False,2,28.623535,77.226772,2026-09-24T10:03:00,NORMAL
7dfc078a,ESP32_007,PROP_031,84.1,740,True,21,28.571157,77.231116,2026-09-03T07:59:00,CONFIRMED_FIRE
a3365c4a,ESP32_003,PROP_028,82.8,352,False,2,28.614908,77.185024,2026-09-01T08:30:00,POSSIBLE_FIRE
4a498e31,ESP32_018,PROP_037,23.4,62,False,0,28.635786,77.18049,2026-09-11T22:41:00,NORMAL
9cf8b394,ESP32_011,PROP_007,77.0,227,False,9,28.556078,77.239828,2026-09-01T06:55:00,ANOMALY
1d986a84,ESP32_015,PROP_031,85.8,731,True,23,28.559242,77.241595,2026-09-15T18:02:00,CONFIRMED_FIRE
dbfbc188,ESP32_017,PROP_050,31.0,33,False,1,28.550784,77.213092,2026-09-25T08:23:00,NORMAL
37766aca,ESP32_018,PROP_037,23.1,38,False,1,28.63866,77.194978,2026-09-11T06:58:00,NORMAL
20da33f9,ESP32_002,PROP_046,63.9,287,False,1,28.636106,77.156986,2026-09-17T04:04:00,POSSIBLE_FIRE
d26086f9,ESP32_009,PROP_016,24.9,0,False,1,28.613654,77.199824,2026-09-22T04:47:00,NORMAL
f1240b60,ESP32_015,PROP_013,28.7,557,False,3,28.579361,77.210791,2026-09-29T23:40:00,ANOMALY
93d0cfc6,ESP32_017,PROP_005,34.2,52,False,1,28.629647,77.195935,2026-09-14T18:56:00,NORMAL
cb4fc9f0,ESP32_001,PROP_048,32.5,635,False,0,28.584505,77.163755,2026-09-26T06:55:00,ANOMALY
72348e8d,ESP32_009,PROP_034,36.3,415,False,2,28.579439,77.205799,2026-09-06T18:19:00,ANOMALY
fe0f985e,ESP32_009,PROP_004,88.4,987,True,19,28.637991,77.201071,2026-09-09T14:56:00,CONFIRMED_FIRE
abb59eca,ESP32_016,PROP_031,27.0,101,False,2,28.604111,77.210509,2026-09-09T15:46:00,NORMAL
db505aa9,ESP32_010,PROP_001,22.1,46,False,2,28.638221,77.193389,2026-09-24T21:34:00,NORMAL
da194a2f,ESP32_003,PROP_029,78.5,330,False,3,28.5777,77.20349,2026-09-06T22:36:00,POSSIBLE_FIRE
cb9e2abd,ESP32_005,PROP_020,75.7,360,False,5,28.604188,77.159124,2026-09-17T17:26:00,POSSIBLE_FIRE
7448ba05,ESP32_014,PROP_003,86.6,724,True,28,28.611041,77.223067,2026-09-26T02:56:00,CONFIRMED_FIRE
dc25f0fb,ESP32_017,PROP_010,102.3,829,True,12,28.558581,77.246953,2026-09-12T17:22:00,CONFIRMED_FIRE
d483aa0e,ESP32_003,PROP_041,33.2,382,False,0,28.638575,77.179826,2026-09-16T10:58:00,ANOMALY
66553f6c,ESP32_016,PROP_015,92.6,869,True,18,28.646451,77.165124,2026-09-10T13:38:00,CONFIRMED_FIRE
df7d17d8,ESP32_016,PROP_022,71.2,523,False,5,28.622509,77.1621,2026-09-02T09:36:00,POSSIBLE_FIRE
8d8271da,ESP32_012,PROP_001,96.3,315,False,21,28.580667,77.246158,2026-09-04T11:44:00,ANOMALY
8eb117a3,ESP32_017,PROP_036,30.9,53,False,0,28.648214,77.248302,2026-09-14T04:04:00,NORMAL
57763272,ESP32_013,PROP_006,27.2,18,False,1,28.601808,77.179873,2026-09-17T04:04:00,NORMAL
ce560a32,ESP32_005,PROP_009,83.8,288,False,0,28.590604,77.217738,2026-09-10T00:58:00,ANOMALY
275012d8,ESP32_004,PROP_008,23.2,77,False,0,28.605466,77.213709,2026-09-09T10:25:00,NORMAL
26e89718,ESP32_003,PROP_009,87.4,846,True,22,28.599171,77.162774,2026-09-05T05:45:00,CONFIRMED_FIRE
2e27e9c9,ESP32_012,PROP_044,87.0,757,True,23,28.594374,77.162056,2026-09-19T04:30:00,CONFIRMED_FIRE
b00c6654,ESP32_013,PROP_014,85.4,839,False,20,28.626106,77.202459,2026-09-03T20:52:00,CONFIRMED_FIRE
971c06c2,ESP32_016,PROP_043,29.9,578,False,1,28.602791,77.177304,2026-09-06T10:55:00,ANOMALY
b3fe1111,ESP32_015,PROP_028,22.5,44,False,0,28.607191,77.248625,2026-09-06T18:48:00,NORMAL
66f3d1af,ESP32_002,PROP_031,90.1,857,True,13,28.588716,77.212259,2026-09-18T08:10:00,CONFIRMED_FIRE
eaa7ed5b,ESP32_013,PROP_049,28.3,20,False,0,28.648465,77.17091,2026-09-25T14:50:00,NORMAL
09fc643f,ESP32_012,PROP_023,88.6,791,True,12,28.579608,77.206162,2026-09-03T13:15:00,CONFIRMED_FIRE
e292f75f,ESP32_009,PROP_036,82.1,343,False,6,28.576554,77.207187,2026-09-02T13:48:00,POSSIBLE_FIRE
582bfecb,ESP32_011,PROP_004,32.1,51,False,0,28.569941,77.176447,2026-09-21T16:33:00,NORMAL
e9985718,ESP32_017,PROP_009,83.5,713,True,10,28.602925,77.150997,2026-09-26T12:13:00,CONFIRMED_FIRE
26d766dd,ESP32_008,PROP_029,24.7,92,False,2,28.59642,77.21192,2026-09-26T16:51:00,NORMAL
5cdb2649,ESP32_012,PROP_045,88.7,716,True,13,28.557805,77.212536,2026-09-07T22:23:00,CONFIRMED_FIRE
b53dc13a,ESP32_002,PROP_047,29.9,50,False,0,28.634246,77.172847,2026-09-09T11:33:00,NORMAL
14c3367f,ESP32_002,PROP_039,83.8,451,True,0,28.581276,77.232681,2026-09-09T19:36:00,POSSIBLE_FIRE
aae6c6dc,ESP32_008,PROP_039,67.6,395,False,2,28.587364,77.183291,2026-09-20T05:24:00,POSSIBLE_FIRE
3b5522c9,ESP32_005,PROP_045,25.0,112,False,0,28.617564,77.204258,2026-09-14T09:25:00,NORMAL
f2918ee7,ESP32_018,PROP_021,63.4,0,False,4,28.569614,77.196832,2026-09-29T21:36:00,ANOMALY
62da81bb,ESP32_015,PROP_021,80.1,801,True,19,28.591407,77.17537,2026-09-07T23:21:00,CONFIRMED_FIRE
5289d15c,ESP32_003,PROP_038,24.5,64,False,0,28.602981,77.216935,2026-09-02T07:23:00,NORMAL
4bc37d61,ESP32_003,PROP_016,21.2,143,False,1,28.588379,77.244497,2026-09-22T09:40:00,NORMAL
321d72cf,ESP32_019,PROP_034,25.3,539,False,2,28.557283,77.243871,2026-09-01T02:55:00,ANOMALY
b09d6186,ESP32_017,PROP_009,67.9,418,False,0,28.62388,77.239296,2026-09-20T18:11:00,POSSIBLE_FIRE
7ebef5e1,ESP32_009,PROP_021,23.7,35,False,1,28.597541,77.213434,2026-09-01T21:56:00,NORMAL
35cd257c,ESP32_001,PROP_045,23.8,86,False,0,28.607979,77.16665,2026-09-03T21:01:00,NORMAL
ac52f105,ESP32_008,PROP_005,74.6,266,False,3,28.589759,77.212492,2026-09-09T22:37:00,POSSIBLE_FIRE
29a1963d,ESP32_016,PROP_017,89.5,772,True,20,28.579144,77.235455,2026-09-04T19:58:00,CONFIRMED_FIRE
8eed9f18,ESP32_015,PROP_001,70.3,297,False,5,28.594548,77.237367,2026-09-11T23:36:00,POSSIBLE_FIRE
320bdaf8,ESP32_006,PROP_048,86.9,765,True,21,28.590163,77.232996,2026-09-30T07:56:00,CONFIRMED_FIRE
4099365b,ESP32_004,PROP_038,80.0,347,False,2,28.576949,77.174271,2026-09-13T23:28:00,POSSIBLE_FIRE
5e1a32e9,ESP32_019,PROP_027,26.5,89,False,0,28.626597,77.191368,2026-09-11T15:27:00,NORMAL
f5eccae6,ESP32_009,PROP_007,67.0,345,False,11,28.550339,77.174529,2026-09-18T11:33:00,POSSIBLE_FIRE
fbf1b236,ESP32_004,PROP_007,16.3,95,False,0,28.645605,77.170047,2026-09-25T01:11:00,NORMAL
e724b954,ESP32_010,PROP_009,85.4,179,True,0,28.564071,77.244516,2026-09-12T12:19:00,ANOMALY
658d2906,ESP32_013,PROP_032,24.4,107,False,1,28.619395,77.17296,2026-09-04T20:00:00,NORMAL
103cca0b,ESP32_006,PROP_006,75.3,307,False,0,28.619812,77.181097,2026-09-27T04:07:00,POSSIBLE_FIRE
7c85358e,ESP32_009,PROP_038,30.7,137,False,0,28.604079,77.221024,2026-09-12T07:39:00,NORMAL
7d5e43a1,ESP32_018,PROP_009,34.8,263,False,0,28.606564,77.162837,2026-09-10T23:00:00,ANOMALY
9a9a8810,ESP32_005,PROP_047,29.2,85,False,1,28.566085,77.205804,2026-09-16T17:36:00,NORMAL
eb1beef7,ESP32_004,PROP_035,83.8,693,True,18,28.61756,77.174968,2026-09-21T01:33:00,CONFIRMED_FIRE
69a58f70,ESP32_006,PROP_004,94.5,626,True,20,28.588843,77.232068,2026-09-23T00:39:00,CONFIRMED_FIRE
0d4b803b,ESP32_005,PROP_010,27.4,117,False,1,28.634965,77.174735,2026-09-27T22:05:00,NORMAL
900fd5f6,ESP32_005,PROP_023,80.5,719,True,18,28.609277,77.23962,2026-09-20T23:54:00,CONFIRMED_FIRE
e0e11132,ESP32_017,PROP_046,89.8,887,True,11,28.574854,77.159131,2026-09-28T16:38:00,CONFIRMED_FIRE
1b6ebaf2,ESP32_017,PROP_029,30.2,76,False,3,28.59391,77.248044,2026-09-05T06:40:00,NORMAL
1041b860,ESP32_010,PROP_016,83.7,337,True,7,28.562027,77.220353,2026-09-14T00:18:00,POSSIBLE_FIRE
d1d2cfcc,ESP32_008,PROP_040,27.0,62,False,1,28.602818,77.162687,2026-09-30T16:50:00,NORMAL
9e1cdcf5,ESP32_015,PROP_045,78.3,428,False,6,28.563823,77.189904,2026-09-01T07:23:00,POSSIBLE_FIRE
6ec1108d,ESP32_001,PROP_012,35.7,490,False,0,28.623982,77.203814,2026-09-04T22:53:00,ANOMALY
04173477,ESP32_012,PROP_014,72.5,297,False,6,28.649053,77.230175,2026-09-04T04:01:00,POSSIBLE_FIRE
04466d6f,ESP32_005,PROP_034,28.7,78,False,0,28.586161,77.190642,2026-09-23T04:13:00,NORMAL
b5e6a29b,ESP32_004,PROP_034,70.3,346,True,4,28.627837,77.210857,2026-09-10T14:28:00,POSSIBLE_FIRE
406c8ab0,ESP32_009,PROP_011,35.6,565,False,5,28.602083,77.20904,2026-09-07T08:20:00,ANOMALY
abc5f100,ESP32_007,PROP_020,36.4,40,False,0,28.623758,77.173878,2026-09-02T10:10:00,NORMAL
86a48edf,ESP32_012,PROP_014,62.8,249,False,3,28.563334,77.202335,2026-09-09T15:47:00,ANOMALY
3daad12d,ESP32_010,PROP_042,30.7,91,False,0,28.56841,77.160565,2026-09-01T01:06:00,NORMAL
030a0794,ESP32_002,PROP_015,29.9,103,False,0,28.585719,77.184409,2026-09-17T10:09:00,NORMAL
49a5aa8d,ESP32_004,PROP_015,22.2,77,False,0,28.625128,77.2397,2026-09-28T03:34:00,NORMAL
7eb75d19,ESP32_008,PROP_039,27.9,84,False,0,28.621378,77.239967,2026-09-06T10:04:00,NORMAL
f9c8197e,ESP32_020,PROP_047,23.8,52,False,0,28.558147,77.169334,2026-09-01T06:08:00,NORMAL
d6a250f9,ESP32_001,PROP_038,24.2,108,False,1,28.559492,77.249889,2026-09-29T15:38:00,NORMAL
46087e95,ESP32_016,PROP_047,30.2,683,False,2,28.598657,77.236313,2026-09-27T03:12:00,ANOMALY
ba6406c5,ESP32_002,PROP_010,29.3,90,False,0,28.599398,77.225464,2026-09-17T11:10:00,NORMAL
e87d36dc,ESP32_018,PROP_002,83.1,116,False,8,28.552139,77.244417,2026-09-16T09:44:00,ANOMALY
e9123a58,ESP32_003,PROP_029,25.1,329,False,1,28.556994,77.191911,2026-09-17T10:24:00,ANOMALY
03ed87b1,ESP32_016,PROP_019,73.7,374,False,2,28.581337,77.179511,2026-09-11T03:53:00,POSSIBLE_FIRE
70c71c37,ESP32_020,PROP_034,26.8,5,False,0,28.575811,77.196399,2026-09-29T08:28:00,NORMAL
4430888c,ESP32_005,PROP_049,73.8,362,False,3,28.59703,77.1529,2026-09-06T03:52:00,POSSIBLE_FIRE
78d89231,ESP32_020,PROP_010,21.8,67,False,3,28.627834,77.244121,2026-09-09T14:37:00,NORMAL
daccb7cc,ESP32_012,PROP_044,27.8,23,False,0,28.638319,77.24482,2026-09-11T13:07:00,NORMAL
e46c01d5,ESP32_011,PROP_024,23.5,126,False,1,28.632327,77.205619,2026-09-19T11:47:00,NORMAL
6159603c,ESP32_016,PROP_009,23.1,60,False,2,28.605787,77.245979,2026-09-13T02:00:00,NORMAL
92e73b3c,ESP32_012,PROP_010,35.0,331,False,0,28.614553,77.163106,2026-09-09T13:39:00,ANOMALY
a782cd3b,ESP32_015,PROP_022,30.4,84,False,0,28.606329,77.161995,2026-09-04T21:10:00,NORMAL
c8b8aee2,ESP32_010,PROP_041,72.7,414,True,11,28.589996,77.192333,2026-09-14T12:07:00,POSSIBLE_FIRE
12c892dd,ESP32_003,PROP_021,30.8,820,False,3,28.619587,77.208638,2026-09-25T15:35:00,ANOMALY
6ed8464e,ESP32_019,PROP_044,85.9,770,True,12,28.577292,77.150245,2026-09-03T13:32:00,CONFIRMED_FIRE
6de90b03,ESP32_005,PROP_009,63.3,411,False,9,28.581178,77.213782,2026-09-20T14:31:00,POSSIBLE_FIRE
af455c6b,ESP32_013,PROP_044,88.4,737,True,19,28.62744,77.176246,2026-09-29T00:56:00,CONFIRMED_FIRE
0128231c,ESP32_014,PROP_035,93.0,822,True,13,28.634437,77.234491,2026-09-14T16:21:00,CONFIRMED_FIRE
6c9a71d6,ESP32_004,PROP_023,65.0,50,False,7,28.612494,77.159659,2026-09-05T16:44:00,POSSIBLE_FIRE
9414eb81,ESP32_002,PROP_029,91.3,831,True,16,28.641698,77.220677,2026-09-19T01:28:00,CONFIRMED_FIRE
f49aa20d,ESP32_005,PROP_034,93.0,740,True,22,28.633286,77.154435,2026-09-27T13:27:00,CONFIRMED_FIRE
0a458ce8,ESP32_005,PROP_038,19.0,12,False,1,28.628073,77.220849,2026-09-02T19:30:00,NORMAL
bd21372f,ESP32_013,PROP_027,82.7,940,True,15,28.626858,77.209166,2026-09-05T21:57:00,CONFIRMED_FIRE
62b3a000,ESP32_010,PROP_047,56.8,412,False,0,28.631874,77.162461,2026-09-16T14:40:00,POSSIBLE_FIRE
726c5491,ESP32_015,PROP_006,64.6,299,False,3,28.563034,77.180927,2026-09-13T16:58:00,POSSIBLE_FIRE
92eb1de5,ESP32_020,PROP_021,87.6,802,True,21,28.565568,77.213042,2026-09-05T06:03:00,CONFIRMED_FIRE
91753fc9,ESP32_020,PROP_001,30.6,65,False,2,28.560655,77.218836,2026-09-24T03:07:00,NORMAL
391418c2,ESP32_009,PROP_039,30.8,42,False,0,28.556942,77.201906,2026-09-03T13:53:00,NORMAL
1aa497c3,ESP32_002,PROP_004,23.0,43,False,0,28.558957,77.221536,2026-09-27T08:19:00,NORMAL
ef3ac1d6,ESP32_016,PROP_020,31.5,41,False,1,28.557239,77.179037,2026-09-08T05:11:00,NORMAL
5140bc90,ESP32_011,PROP_027,29.9,89,False,1,28.58457,77.16816,2026-09-10T19:53:00,NORMAL
1eaeebe5,ESP32_008,PROP_030,83.7,808,False,15,28.553718,77.186087,2026-09-08T02:22:00,CONFIRMED_FIRE
757139d6,ESP32_002,PROP_031,83.6,167,False,17,28.556114,77.202205,2026-09-15T02:37:00,ANOMALY
39c7d452,ESP32_002,PROP_001,31.0,54,False,0,28.617285,77.222425,2026-09-10T04:10:00,NORMAL
966185b1,ESP32_018,PROP_028,34.8,35,False,0,28.557773,77.247439,2026-09-14T23:59:00,NORMAL
1597a05b,ESP32_001,PROP_019,88.5,835,True,14,28.58342,77.201796,2026-09-10T22:43:00,CONFIRMED_FIRE
05f1fea3,ESP32_012,PROP_042,24.2,81,False,0,28.578219,77.176171,2026-09-01T02:42:00,NORMAL
8a747810,ESP32_007,PROP_009,30.1,84,False,1,28.56926,77.161528,2026-09-30T00:26:00,NORMAL
508473db,ESP32_005,PROP_024,68.2,63,False,15,28.616776,77.235478,2026-09-29T08:32:00,ANOMALY
e3fffd8c,ESP32_019,PROP_004,74.0,478,False,4,28.607949,77.216513,2026-09-15T16:53:00,POSSIBLE_FIRE
4e5a05bc,ESP32_005,PROP_046,28.4,115,False,0,28.55422,77.19963,2026-09-18T00:52:00,NORMAL
19acb38c,ESP32_017,PROP_022,21.4,52,False,0,28.552364,77.214197,2026-09-24T10:35:00,NORMAL
63b7f090,ESP32_020,PROP_015,25.5,564,False,1,28.574619,77.216977,2026-09-03T23:47:00,ANOMALY
46b5da1a,ESP32_018,PROP_018,85.4,791,True,11,28.553146,77.219548,2026-09-21T04:07:00,CONFIRMED_FIRE
16a76a4e,ESP32_001,PROP_009,31.6,17,False,0,28.582078,77.168652,2026-09-11T21:48:00,NORMAL
f8be78e7,ESP32_009,PROP_039,32.1,7,False,1,28.646972,77.193123,2026-09-21T09:05:00,NORMAL
87447711,ESP32_006,PROP_019,88.1,875,True,12,28.572894,77.162162,2026-09-14T03:46:00,CONFIRMED_FIRE
317f78fc,ESP32_009,PROP_030,22.2,52,False,0,28.647898,77.210349,2026-09-17T13:44:00,NORMAL
8acf415f,ESP32_013,PROP_043,87.0,677,True,21,28.588171,77.187483,2026-09-09T09:29:00,CONFIRMED_FIRE
40db078d,ESP32_012,PROP_015,26.6,61,False,0,28.61128,77.243848,2026-09-13T01:47:00,NORMAL
e05ead3a,ESP32_013,PROP_026,74.8,851,True,15,28.646947,77.200257,2026-09-19T04:44:00,CONFIRMED_FIRE
16280775,ESP32_012,PROP_010,84.9,944,True,11,28.606168,77.209311,2026-09-02T01:32:00,CONFIRMED_FIRE
099e4b3d,ESP32_014,PROP_016,31.5,24,False,1,28.555077,77.238662,2026-09-10T07:23:00,NORMAL
fbb34706,ESP32_008,PROP_047,76.4,216,False,4,28.561982,77.195109,2026-09-17T09:28:00,POSSIBLE_FIRE
280ad9db,ESP32_008,PROP_001,31.5,497,False,1,28.571761,77.232373,2026-09-15T17:50:00,ANOMALY
df1f83b4,ESP32_020,PROP_004,29.9,52,False,0,28.55528,77.19866,2026-09-12T03:09:00,NORMAL
ed2855fd,ESP32_018,PROP_020,28.3,108,False,0,28.604625,77.158947,2026-09-01T05:31:00,NORMAL
fa223ff5,ESP32_017,PROP_011,24.6,28,False,1,28.612843,77.198187,2026-09-02T23:12:00,NORMAL
c39ec8d2,ESP32_017,PROP_017,21.7,33,False,2,28.629189,77.231157,2026-09-15T01:04:00,NORMAL
1c51b340,ESP32_016,PROP_048,70.5,259,True,7,28.567118,77.160448,2026-09-15T21:03:00,POSSIBLE_FIRE
37cf1eb9,ESP32_020,PROP_034,82.0,739,True,17,28.590822,77.177384,2026-09-19T05:49:00,CONFIRMED_FIRE
9db060f3,ESP32_007,PROP_022,82.2,809,True,15,28.649561,77.157662,2026-09-02T02:47:00,CONFIRMED_FIRE
74a4dbc1,ESP32_020,PROP_035,34.4,43,False,0,28.61485,77.17674,2026-09-14T08:33:00,NORMAL
d3c6421e,ESP32_010,PROP_035,23.9,75,False,0,28.572056,77.19184,2026-09-24T00:00:00,NORMAL
ca1b7b01,ESP32_019,PROP_036,32.3,42,False,1,28.561842,77.171189,2026-09-19T15:09:00,NORMAL
3b87e507,ESP32_015,PROP_047,25.1,15,False,2,28.612007,77.203346,2026-09-07T13:26:00,NORMAL
4ef3f449,ESP32_006,PROP_007,27.3,110,False,1,28.592609,77.172258,2026-09-20T03:29:00,NORMAL
58d6fe4c,ESP32_013,PROP_022,21.3,73,False,0,28.573254,77.172603,2026-09-29T07:05:00,NORMAL
5f541f85,ESP32_015,PROP_015,20.4,104,False,1,28.605814,77.203991,2026-09-25T02:27:00,NORMAL
823dc6d6,ESP32_004,PROP_013,33.2,492,False,1,28.611533,77.24951,2026-09-11T15:46:00,ANOMALY
171af8fc,ESP32_004,PROP_035,82.2,681,True,19,28.560533,77.246549,2026-09-20T17:10:00,CONFIRMED_FIRE
d9743b60,ESP32_007,PROP_042,68.8,414,False,10,28.609375,77.151574,2026-09-01T18:00:00,POSSIBLE_FIRE
cc5e2bae,ESP32_005,PROP_035,93.5,962,True,20,28.59192,77.17973,2026-09-19T12:27:00,CONFIRMED_FIRE
c632306c,ESP32_008,PROP_042,36.3,19,False,1,28.597303,77.154332,2026-09-25T15:01:00,NORMAL
b622482b,ESP32_003,PROP_034,19.8,55,False,0,28.594635,77.183357,2026-09-01T11:01:00,NORMAL
308e307f,ESP32_006,PROP_003,88.5,712,True,24,28.61848,77.168678,2026-09-02T20:59:00,CONFIRMED_FIRE
0c59f557,ESP32_002,PROP_009,82.5,290,False,9,28.574335,77.154012,2026-09-29T10:02:00,ANOMALY
a3b7be23,ESP32_007,PROP_015,23.6,108,False,1,28.56629,77.231241,2026-09-07T12:12:00,NORMAL
bb7ec7d5,ESP32_001,PROP_028,21.9,93,False,1,28.57345,77.224938,2026-09-29T05:15:00,NORMAL
c75fd20e,ESP32_017,PROP_043,24.3,11,False,1,28.613769,77.174202,2026-09-08T06:11:00,NORMAL
d9913b3f,ESP32_016,PROP_004,90.2,891,True,26,28.612163,77.162823,2026-09-30T16:03:00,CONFIRMED_FIRE
ea46e445,ESP32_016,PROP_049,76.9,330,False,1,28.632244,77.247229,2026-09-27T20:33:00,ANOMALY
cda9f79c,ESP32_018,PROP_021,80.4,770,True,26,28.628696,77.204602,2026-09-02T15:39:00,CONFIRMED_FIRE
3c1bcadd,ESP32_012,PROP_042,60.7,434,False,6,28.557451,77.201039,2026-09-09T03:21:00,POSSIBLE_FIRE
049f0cf5,ESP32_019,PROP_042,77.7,814,True,8,28.571726,77.247107,2026-09-17T01:08:00,CONFIRMED_FIRE
13797152,ESP32_019,PROP_035,19.7,89,False,0,28.605035,77.201396,2026-09-07T09:39:00,NORMAL
07e83de4,ESP32_009,PROP_042,32.4,52,False,1,28.577052,77.230473,2026-09-25T07:56:00,NORMAL
773ab7c8,ESP32_020,PROP_049,25.0,52,False,0,28.554202,77.22399,2026-09-03T22:49:00,NORMAL
0eef14ad,ESP32_003,PROP_047,22.3,111,False,0,28.611624,77.198288,2026-09-18T18:10:00,NORMAL
4f02330c,ESP32_014,PROP_012,83.8,704,False,16,28.635657,77.222186,2026-09-06T21:35:00,CONFIRMED_FIRE
d3da4dbe,ESP32_017,PROP_020,27.6,75,False,0,28.606509,77.227163,2026-09-29T12:05:00,NORMAL
c455d151,ESP32_003,PROP_042,25.1,80,False,0,28.550638,77.247835,2026-09-10T12:19:00,NORMAL
a42e9edd,ESP32_002,PROP_008,33.0,509,False,0,28.631507,77.235355,2026-09-04T15:19:00,ANOMALY
dd941f34,ESP32_015,PROP_012,83.1,726,True,7,28.595062,77.19239,2026-09-09T15:00:00,CONFIRMED_FIRE
890f4766,ESP32_011,PROP_044,34.8,3,False,0,28.634365,77.248119,2026-09-19T17:16:00,NORMAL
d3ea326c,ESP32_014,PROP_037,20.5,38,False,0,28.557011,77.189526,2026-09-03T17:07:00,NORMAL
a62a5cc3,ESP32_009,PROP_028,28.3,53,False,1,28.613199,77.159537,2026-09-10T00:46:00,NORMAL
89c31fd1,ESP32_020,PROP_032,20.5,77,False,0,28.634567,77.161424,2026-09-13T02:00:00,NORMAL
18c27467,ESP32_013,PROP_029,92.8,414,True,0,28.637932,77.165457,2026-09-28T22:01:00,ANOMALY
c95a2358,ESP32_016,PROP_030,28.5,99,False,0,28.573464,77.189932,2026-09-21T08:21:00,NORMAL
969d2284,ESP32_008,PROP_036,75.3,476,False,1,28.625909,77.228429,2026-09-16T03:34:00,ANOMALY
e12de306,ESP32_010,PROP_005,22.5,55,False,0,28.635833,77.196362,2026-09-01T03:49:00,NORMAL
681c3106,ESP32_017,PROP_019,27.1,68,False,0,28.573834,77.229396,2026-09-07T02:44:00,NORMAL
43ee92ae,ESP32_019,PROP_030,68.6,257,False,3,28.620442,77.199212,2026-09-15T06:37:00,POSSIBLE_FIRE
c068e108,ESP32_015,PROP_035,29.4,73,False,0,28.633589,77.160128,2026-09-14T14:53:00,NORMAL
ab7f3543,ESP32_001,PROP_005,28.4,253,False,2,28.626964,77.210402,2026-09-19T20:02:00,ANOMALY
88291425,ESP32_004,PROP_021,30.3,18,False,0,28.578741,77.186779,2026-09-06T04:40:00,NORMAL
00a1f509,ESP32_001,PROP_019,22.7,25,False,1,28.584672,77.224645,2026-09-04T04:06:00,NORMAL
6986a693,ESP32_017,PROP_045,28.0,43,False,0,28.633726,77.162737,2026-09-14T21:33:00,NORMAL
82880068,ESP32_017,PROP_041,83.7,362,False,3,28.559032,77.206265,2026-09-19T18:44:00,POSSIBLE_FIRE
fe354a51,ESP32_020,PROP_020,69.4,271,False,11,28.590355,77.163697,2026-09-13T10:40:00,POSSIBLE_FIRE
f53644d3,ESP32_015,PROP_015,28.9,14,False,1,28.627803,77.226085,2026-09-27T04:21:00,NORMAL
657ca6c5,ESP32_009,PROP_039,82.6,707,True,16,28.61212,77.150354,2026-09-28T20:49:00,CONFIRMED_FIRE
e8d06c99,ESP32_013,PROP_007,23.3,87,False,0,28.607329,77.233811,2026-09-25T20:36:00,NORMAL
c99d295c,ESP32_019,PROP_016,33.5,84,False,1,28.615845,77.235058,2026-09-13T13:28:00,NORMAL
ff799749,ESP32_019,PROP_035,70.2,350,False,2,28.608302,77.240892,2026-09-16T23:36:00,POSSIBLE_FIRE
64a0a9ef,ESP32_009,PROP_010,20.9,86,False,0,28.602805,77.246944,2026-09-17T02:35:00,NORMAL
a12846cd,ESP32_020,PROP_024,21.8,56,False,1,28.628929,77.18078,2026-09-02T19:11:00,NORMAL
a13f9337,ESP32_018,PROP_015,81.1,862,True,17,28.610998,77.206047,2026-09-23T18:35:00,CONFIRMED_FIRE
84fdaad8,ESP32_005,PROP_029,89.3,884,True,17,28.60568,77.220873,2026-09-04T10:39:00,CONFIRMED_FIRE
72eb956e,ESP32_015,PROP_018,79.2,346,False,2,28.608074,77.188813,2026-09-09T23:38:00,POSSIBLE_FIRE
87e726c0,ESP32_003,PROP_032,22.6,76,False,1,28.637982,77.215756,2026-09-02T18:00:00,NORMAL
e806d1bf,ESP32_006,PROP_049,26.0,93,False,1,28.605895,77.183639,2026-09-28T13:49:00,NORMAL
e5985b99,ESP32_006,PROP_041,33.9,48,False,2,28.553962,77.198051,2026-09-07T18:48:00,NORMAL
e821914b,ESP32_013,PROP_022,80.4,673,True,29,28.583616,77.179432,2026-09-27T09:23:00,CONFIRMED_FIRE
e1f32bea,ESP32_007,PROP_046,83.6,798,True,13,28.619921,77.214479,2026-09-17T09:41:00,CONFIRMED_FIRE
5a50cf7a,ESP32_015,PROP_043,67.0,277,False,3,28.556899,77.24958,2026-09-21T11:35:00,POSSIBLE_FIRE
a06087c8,ESP32_012,PROP_025,76.6,791,True,16,28.611301,77.167245,2026-09-14T20:27:00,CONFIRMED_FIRE
65296896,ESP32_006,PROP_028,26.6,312,False,2,28.599391,77.201342,2026-09-06T06:37:00,ANOMALY
3a1a3dcc,ESP32_011,PROP_008,26.4,55,False,0,28.567965,77.245959,2026-09-01T19:20:00,NORMAL
478889f1,ESP32_017,PROP_036,62.7,423,False,3,28.580425,77.201448,2026-09-07T10:20:00,POSSIBLE_FIRE
aac2ab26,ESP32_005,PROP_013,25.2,78,False,1,28.603005,77.152784,2026-09-15T04:54:00,NORMAL
3adb0f5a,ESP32_004,PROP_030,19.5,61,False,0,28.616482,77.160522,2026-09-23T04:03:00,NORMAL
0a316c1a,ESP32_014,PROP_039,21.8,57,False,1,28.554043,77.221066,2026-09-16T12:41:00,NORMAL
f646d790,ESP32_008,PROP_034,73.5,224,False,6,28.55719,77.221567,2026-09-04T17:40:00,ANOMALY
f8e894b6,ESP32_007,PROP_046,82.2,644,True,17,28.621824,77.16111,2026-09-11T20:48:00,CONFIRMED_FIRE
9a644b81,ESP32_003,PROP_008,22.7,59,False,0,28.5611,77.230824,2026-09-08T02:07:00,NORMAL
730210d2,ESP32_010,PROP_047,26.6,62,False,0,28.566695,77.221305,2026-09-11T16:12:00,NORMAL
7d0832c1,ESP32_004,PROP_020,36.1,84,False,1,28.568944,77.190115,2026-09-03T15:35:00,NORMAL
f582cc8d,ESP32_002,PROP_011,92.1,750,True,25,28.639146,77.166588,2026-09-10T00:25:00,CONFIRMED_FIRE
6eb105ff,ESP32_019,PROP_013,79.2,485,False,0,28.614953,77.192425,2026-09-23T04:51:00,POSSIBLE_FIRE
b7bff3d7,ESP32_017,PROP_041,28.6,36,False,0,28.613181,77.17598,2026-09-10T00:27:00,NORMAL
fa0eaaee,ESP32_014,PROP_014,82.0,376,False,4,28.578513,77.169542,2026-09-02T05:34:00,POSSIBLE_FIRE
0d218300,ESP32_015,PROP_004,29.4,29,True,0,28.646685,77.172429,2026-09-21T23:26:00,NORMAL
df866245,ESP32_010,PROP_004,67.4,331,False,5,28.627203,77.232821,2026-09-01T00:51:00,POSSIBLE_FIRE
16c46e3e,ESP32_020,PROP_019,29.3,64,False,0,28.614421,77.215072,2026-09-01T13:54:00,NORMAL
1e528ef4,ESP32_001,PROP_025,96.1,0,False,7,28.63763,77.207227,2026-09-02T02:47:00,ANOMALY
6b607359,ESP32_019,PROP_035,38.6,439,False,0,28.602509,77.205344,2026-09-26T10:27:00,ANOMALY
af092a04,ESP32_008,PROP_017,26.3,112,False,1,28.622727,77.213375,2026-09-14T00:48:00,NORMAL
d1faf645,ESP32_008,PROP_010,29.5,448,False,0,28.6053,77.178592,2026-09-06T17:45:00,ANOMALY
ab231aaa,ESP32_012,PROP_039,77.4,309,False,1,28.609856,77.200284,2026-09-07T12:55:00,POSSIBLE_FIRE
780af119,ESP32_015,PROP_039,82.8,731,True,18,28.574609,77.207741,2026-09-17T23:17:00,CONFIRMED_FIRE
8a8f6d29,ESP32_018,PROP_010,91.2,686,True,21,28.550588,77.18881,2026-09-28T21:20:00,CONFIRMED_FIRE
d7ae7d30,ESP32_006,PROP_005,23.1,75,False,0,28.646335,77.175531,2026-09-27T09:26:00,NORMAL
5e253034,ESP32_006,PROP_013,32.5,11,False,0,28.582677,77.224487,2026-09-10T02:12:00,NORMAL
22fda71b,ESP32_017,PROP_026,29.5,59,False,0,28.569667,77.24473,2026-09-28T17:37:00,NORMAL
0eb26878,ESP32_019,PROP_034,26.6,70,False,3,28.556368,77.167713,2026-09-05T07:41:00,NORMAL
1f5670d8,ESP32_004,PROP_029,83.0,871,True,10,28.620932,77.235457,2026-09-08T06:27:00,CONFIRMED_FIRE
7ba9a03b,ESP32_005,PROP_018,19.4,57,False,0,28.559056,77.2168,2026-09-07T01:20:00,NORMAL
dc00502b,ESP32_020,PROP_026,28.3,30,False,0,28.56272,77.236466,2026-09-27T00:47:00,NORMAL
1e6312c9,ESP32_017,PROP_004,24.9,410,False,1,28.573625,77.240838,2026-09-29T12:26:00,ANOMALY
34fdba34,ESP32_010,PROP_015,77.7,135,False,9,28.62856,77.240038,2026-09-15T10:44:00,ANOMALY
855e6a53,ESP32_011,PROP_039,22.7,43,False,0,28.562549,77.227277,2026-09-29T22:52:00,NORMAL
cc3b3cc1,ESP32_018,PROP_007,25.4,75,False,0,28.615892,77.15271,2026-09-08T15:18:00,NORMAL
6d831c01,ESP32_001,PROP_044,28.0,40,False,1,28.604061,77.23496,2026-09-06T14:40:00,NORMAL
5f96598b,ESP32_020,PROP_024,33.5,90,False,0,28.553881,77.169413,2026-09-05T23:47:00,NORMAL
87d6aa21,ESP32_005,PROP_033,25.7,58,False,0,28.600723,77.154157,2026-09-29T15:15:00,NORMAL
17255da3,ESP32_014,PROP_015,26.3,5,False,1,28.593384,77.166441,2026-09-18T16:24:00,NORMAL
76af9c76,ESP32_005,PROP_045,77.0,0,False,0,28.591593,77.228478,2026-09-13T15:28:00,ANOMALY
1dc5fb2e,ESP32_006,PROP_027,34.9,133,False,0,28.583808,77.162682,2026-09-11T14:44:00,NORMAL
76913844,ESP32_018,PROP_001,34.3,361,False,0,28.555118,77.222501,2026-09-21T14:12:00,ANOMALY
810dbb44,ESP32_015,PROP_003,26.9,39,False,0,28.61223,77.243442,2026-09-20T23:00:00,NORMAL
0cb16480,ESP32_015,PROP_001,32.8,19,False,0,28.570747,77.240585,2026-09-08T07:59:00,NORMAL
5aabf370,ESP32_019,PROP_040,35.9,604,False,3,28.630099,77.175938,2026-09-19T07:39:00,ANOMALY
1ee3083a,ESP32_014,PROP_009,29.0,356,False,2,28.63853,77.198182,2026-09-27T08:48:00,ANOMALY
e15db6f7,ESP32_019,PROP_019,26.6,22,False,0,28.614811,77.237512,2026-09-26T02:54:00,NORMAL
0fa498a9,ESP32_019,PROP_044,73.5,380,False,6,28.555397,77.226297,2026-09-05T23:49:00,POSSIBLE_FIRE
c2acce81,ESP32_003,PROP_044,23.9,66,False,1,28.582433,77.1833,2026-09-23T15:01:00,NORMAL
6435aadf,ESP32_013,PROP_047,29.7,67,False,0,28.618345,77.187544,2026-09-28T21:10:00,NORMAL
0c0d4320,ESP32_020,PROP_028,20.0,33,False,0,28.632957,77.16337,2026-09-01T14:37:00,NORMAL
5bbbd9ff,ESP32_009,PROP_030,89.0,985,True,15,28.577118,77.24476,2026-09-12T15:01:00,CONFIRMED_FIRE
9c6a08d4,ESP32_010,PROP_040,30.2,249,False,0,28.616972,77.229875,2026-09-13T03:05:00,ANOMALY
db633544,ESP32_015,PROP_011,92.4,832,True,25,28.59768,77.163258,2026-09-30T23:12:00,CONFIRMED_FIRE
959006c6,ESP32_018,PROP_040,88.2,635,True,14,28.632381,77.213816,2026-09-05T09:49:00,CONFIRMED_FIRE
b34e78ad,ESP32_015,PROP_004,91.3,145,False,0,28.627189,77.201665,2026-09-01T01:19:00,ANOMALY
cc1505ca,ESP32_008,PROP_043,66.4,240,False,9,28.61197,77.178593,2026-09-02T10:00:00,ANOMALY
482b7c3c,ESP32_003,PROP_014,25.4,59,False,1,28.61619,77.193405,2026-09-02T01:59:00,NORMAL
0eea5879,ESP32_019,PROP_026,27.9,103,False,1,28.573401,77.158439,2026-09-05T00:29:00,NORMAL
e34df504,ESP32_009,PROP_021,28.0,76,False,1,28.645226,77.154986,2026-09-21T14:40:00,NORMAL
e1f6a1ce,ESP32_002,PROP_038,25.0,39,False,0,28.606754,77.218946,2026-09-12T08:49:00,NORMAL
ac0f8698,ESP32_012,PROP_025,87.5,897,True,24,28.648173,77.191104,2026-09-27T00:09:00,CONFIRMED_FIRE
1b4bb51c,ESP32_018,PROP_001,93.7,785,True,27,28.58679,77.183667,2026-09-04T03:22:00,CONFIRMED_FIRE
226cdf90,ESP32_013,PROP_037,26.8,74,False,1,28.561871,77.248057,2026-09-15T02:36:00,NORMAL
3486880a,ESP32_004,PROP_036,25.3,32,False,0,28.558678,77.173685,2026-09-06T07:13:00,NORMAL
c8ac12a6,ESP32_016,PROP_010,78.4,806,True,12,28.566989,77.188307,2026-09-13T19:23:00,CONFIRMED_FIRE
e66bf149,ESP32_017,PROP_022,38.2,466,False,1,28.60066,77.239047,2026-09-13T07:39:00,ANOMALY
1d55389f,ESP32_006,PROP_037,29.2,111,False,0,28.593501,77.179266,2026-09-08T13:29:00,NORMAL
740bc547,ESP32_009,PROP_009,24.9,69,False,2,28.636976,77.22305,2026-09-25T03:33:00,NORMAL
ca6b0657,ESP32_008,PROP_011,29.5,108,False,2,28.613389,77.157191,2026-09-27T20:37:00,NORMAL
f3607746,ESP32_003,PROP_017,71.6,0,False,11,28.563044,77.229757,2026-09-11T08:30:00,ANOMALY
abe30fd1,ESP32_009,PROP_029,29.5,31,False,2,28.560425,77.234044,2026-09-10T12:38:00,NORMAL
7cfc8a5a,ESP32_017,PROP_026,25.6,47,False,0,28.581898,77.234488,2026-09-07T19:37:00,NORMAL
f69ad782,ESP32_015,PROP_002,66.8,12,True,6,28.627971,77.161683,2026-09-01T20:38:00,ANOMALY
0b0c68a3,ESP32_019,PROP_049,79.8,202,False,10,28.562223,77.199397,2026-09-08T00:53:00,ANOMALY
37d5dc7a,ESP32_017,PROP_012,25.1,46,False,1,28.556735,77.208217,2026-09-15T13:13:00,NORMAL
27fe58ff,ESP32_001,PROP_007,96.9,873,True,8,28.600458,77.241647,2026-09-04T14:11:00,CONFIRMED_FIRE
0173a2d5,ESP32_004,PROP_032,24.2,23,False,0,28.614158,77.152343,2026-09-01T09:19:00,NORMAL
485acada,ESP32_015,PROP_005,72.6,281,False,7,28.554033,77.170114,2026-09-29T07:01:00,POSSIBLE_FIRE
bcaea5c1,ESP32_015,PROP_032,34.8,499,False,4,28.581679,77.243374,2026-09-11T11:45:00,ANOMALY
49ea04b8,ESP32_014,PROP_009,76.3,407,True,6,28.567015,77.175472,2026-09-05T14:30:00,POSSIBLE_FIRE
6959802f,ESP32_003,PROP_044,17.9,92,False,2,28.551467,77.208706,2026-09-08T18:47:00,NORMAL
d9aba1c7,ESP32_014,PROP_001,21.1,3,False,0,28.588867,77.19437,2026-09-07T20:03:00,NORMAL
cad17edc,ESP32_019,PROP_013,26.7,28,False,1,28.592238,77.187731,2026-09-23T12:41:00,NORMAL
ac9b3591,ESP32_016,PROP_026,32.0,436,False,3,28.639826,77.212988,2026-09-11T06:40:00,ANOMALY
060544b9,ESP32_002,PROP_033,26.1,58,False,0,28.631315,77.245783,2026-09-11T08:28:00,NORMAL
e07a95f1,ESP32_016,PROP_018,25.0,80,False,1,28.58722,77.183303,2026-09-01T22:41:00,NORMAL
af62067b,ESP32_008,PROP_018,20.3,75,False,0,28.64128,77.211036,2026-09-16T05:17:00,NORMAL
f3f90378,ESP32_020,PROP_009,24.7,76,False,0,28.608097,77.222989,2026-09-27T10:57:00,NORMAL
50bdd528,ESP32_001,PROP_002,31.2,793,False,2,28.634479,77.169578,2026-09-02T22:46:00,ANOMALY
c245555e,ESP32_005,PROP_039,72.9,510,False,2,28.568806,77.192802,2026-09-14T00:07:00,POSSIBLE_FIRE
9ee37575,ESP32_017,PROP_003,82.6,907,True,17,28.584645,77.183908,2026-09-13T08:05:00,CONFIRMED_FIRE
baf8d442,ESP32_005,PROP_007,33.4,516,False,5,28.640498,77.15044,2026-09-30T00:22:00,ANOMALY
7484dd21,ESP32_007,PROP_020,29.5,60,False,0,28.632674,77.233077,2026-09-28T08:24:00,NORMAL
6be68b83,ESP32_020,PROP_039,30.7,75,False,1,28.600028,77.156939,2026-09-08T16:45:00,NORMAL
328b5a97,ESP32_019,PROP_026,22.9,122,False,2,28.595078,77.24585,2026-09-12T15:27:00,NORMAL
3b91bdd8,ESP32_012,PROP_023,26.2,65,False,1,28.581655,77.231641,2026-09-15T10:32:00,NORMAL
8b8ade7e,ESP32_011,PROP_011,53.0,0,False,0,28.62186,77.194036,2026-09-22T04:00:00,ANOMALY
80d96c53,ESP32_004,PROP_014,35.2,367,False,1,28.623631,77.153723,2026-09-13T19:06:00,ANOMALY
d5804c3b,ESP32_001,PROP_004,76.6,716,True,24,28.592769,77.214112,2026-09-15T02:07:00,CONFIRMED_FIRE
8b9664d6,ESP32_012,PROP_031,27.3,545,False,4,28.602656,77.168418,2026-09-16T12:02:00,ANOMALY
32cc7e92,ESP32_011,PROP_031,64.2,225,False,1,28.637119,77.224832,2026-09-29T07:18:00,POSSIBLE_FIRE
c90f153c,ESP32_014,PROP_001,95.1,344,False,2,28.590699,77.193111,2026-09-23T01:56:00,ANOMALY
afd8ff31,ESP32_017,PROP_007,67.9,331,False,4,28.585136,77.176487,2026-09-25T09:09:00,POSSIBLE_FIRE
768065df,ESP32_019,PROP_016,72.7,305,False,0,28.619448,77.184872,2026-09-21T00:41:00,ANOMALY
081fc1ce,ESP32_006,PROP_001,28.4,54,False,2,28.562203,77.162513,2026-09-24T02:36:00,NORMAL
f53a36de,ESP32_002,PROP_035,70.1,218,False,10,28.616219,77.161618,2026-09-16T15:02:00,POSSIBLE_FIRE
bf97c7c7,ESP32_019,PROP_019,26.4,77,False,1,28.564381,77.19301,2026-09-30T20:38:00,NORMAL
904a2b28,ESP32_020,PROP_009,84.3,911,True,10,28.610869,77.165265,2026-09-05T22:47:00,CONFIRMED_FIRE
304e8e6e,ESP32_018,PROP_035,77.4,877,True,24,28.640588,77.248168,2026-09-13T11:10:00,CONFIRMED_FIRE
4e79b0dc,ESP32_003,PROP_020,83.6,80,False,12,28.582598,77.206298,2026-09-12T18:40:00,ANOMALY
2bd1ca84,ESP32_016,PROP_047,28.9,99,False,1,28.557128,77.245466,2026-09-07T04:26:00,NORMAL
2e24c269,ESP32_002,PROP_042,22.8,82,False,0,28.630812,77.21334,2026-09-02T20:53:00,NORMAL
f90783e9,ESP32_012,PROP_045,27.6,35,False,0,28.613315,77.24514,2026-09-11T13:42:00,NORMAL
4982dc87,ESP32_004,PROP_002,28.8,86,False,0,28.57488,77.241022,2026-09-29T20:36:00,NORMAL
048974f7,ESP32_002,PROP_029,28.8,66,False,1,28.556644,77.203397,2026-09-05T11:19:00,NORMAL
2fcb1db0,ESP32_005,PROP_032,82.0,700,True,21,28.564735,77.165996,2026-09-21T23:14:00,CONFIRMED_FIRE
9cb2392e,ESP32_013,PROP_047,32.6,677,False,4,28.575201,77.188115,2026-09-27T12:55:00,ANOMALY
365e6437,ESP32_001,PROP_025,22.0,56,False,1,28.569167,77.197454,2026-09-20T04:26:00,NORMAL
76429244,ESP32_020,PROP_049,22.7,0,False,0,28.557101,77.158018,2026-09-14T06:06:00,NORMAL
77676067,ESP32_011,PROP_040,61.4,286,False,3,28.627181,77.237503,2026-09-07T17:09:00,POSSIBLE_FIRE
02a31561,ESP32_017,PROP_044,26.8,81,False,0,28.574754,77.205841,2026-09-07T09:28:00,NORMAL
653287b0,ESP32_020,PROP_026,26.3,14,False,0,28.592377,77.184213,2026-09-09T14:19:00,NORMAL
5a1f01ce,ESP32_016,PROP_044,28.8,66,False,0,28.566393,77.223595,2026-09-23T11:35:00,NORMAL
554a6a43,ESP32_002,PROP_039,92.8,861,True,20,28.570002,77.247328,2026-09-20T22:15:00,CONFIRMED_FIRE
8bf212c6,ESP32_005,PROP_020,76.9,484,False,7,28.602493,77.197713,2026-09-22T18:20:00,POSSIBLE_FIRE
cebdac68,ESP32_009,PROP_005,60.8,283,False,7,28.632783,77.15226,2026-09-22T17:23:00,POSSIBLE_FIRE
e0d3f906,ESP32_015,PROP_003,27.8,48,False,2,28.56655,77.22066,2026-09-26T02:12:00,NORMAL
e5b6a341,ESP32_002,PROP_024,25.8,73,False,0,28.593325,77.248435,2026-09-26T15:35:00,NORMAL
e9e6dbbf,ESP32_008,PROP_001,82.4,104,False,6,28.593495,77.190603,2026-09-26T01:19:00,ANOMALY
bf4bcce8,ESP32_014,PROP_009,26.0,90,False,0,28.550698,77.190348,2026-09-23T12:39:00,NORMAL
27cdaab1,ESP32_014,PROP_037,21.7,64,False,2,28.64813,77.175653,2026-09-24T23:21:00,NORMAL
0ca06f61,ESP32_015,PROP_006,29.2,16,False,2,28.561239,77.17685,2026-09-02T21:39:00,NORMAL
8881a4bf,ESP32_018,PROP_016,30.2,58,False,0,28.630266,77.174697,2026-09-01T04:16:00,NORMAL
62c03ff8,ESP32_006,PROP_043,31.5,121,False,0,28.57499,77.15656,2026-09-08T12:46:00,NORMAL
0b09cb5c,ESP32_012,PROP_033,25.3,36,False,1,28.627338,77.241497,2026-09-20T02:47:00,NORMAL
0de6606d,ESP32_007,PROP_016,26.9,83,False,0,28.625425,77.18932,2026-09-02T21:08:00,NORMAL
250c5147,ESP32_020,PROP_013,65.1,307,False,1,28.630816,77.167619,2026-09-01T15:10:00,POSSIBLE_FIRE
d76157f1,ESP32_016,PROP_047,24.9,120,False,1,28.571981,77.163152,2026-09-03T16:26:00,NORMAL
ccf5a64f,ESP32_002,PROP_041,64.4,270,False,5,28.617211,77.210723,2026-09-26T11:12:00,POSSIBLE_FIRE
73e79a49,ESP32_020,PROP_024,85.0,373,True,1,28.571218,77.241124,2026-09-04T20:18:00,POSSIBLE_FIRE
ea8b10cd,ESP32_015,PROP_024,67.3,242,False,2,28.613622,77.223068,2026-09-24T18:48:00,POSSIBLE_FIRE
7094fa78,ESP32_002,PROP_045,95.0,374,False,0,28.579859,77.165897,2026-09-06T19:56:00,ANOMALY
0f55af26,ESP32_009,PROP_036,26.4,69,False,0,28.554778,77.185223,2026-09-14T17:47:00,NORMAL
697da52f,ESP32_005,PROP_022,27.7,24,False,0,28.646382,77.174858,2026-09-17T20:42:00,NORMAL
e2d0ba9f,ESP32_002,PROP_012,28.5,44,False,0,28.553593,77.242692,2026-09-27T12:58:00,NORMAL
5ab57af5,ESP32_007,PROP_026,26.1,72,False,1,28.635095,77.184586,2026-09-29T14:53:00,NORMAL
7c5ba988,ESP32_019,PROP_018,25.9,66,False,0,28.621441,77.186165,2026-09-28T06:15:00,NORMAL
e72f00d0,ESP32_006,PROP_050,27.4,36,False,1,28.609614,77.223958,2026-09-06T14:21:00,NORMAL
f58b0873,ESP32_015,PROP_005,74.0,430,True,5,28.566933,77.233199,2026-09-30T16:29:00,POSSIBLE_FIRE
f580b364,ESP32_005,PROP_036,65.7,196,False,0,28.609964,77.206667,2026-09-27T03:35:00,ANOMALY
2eb263f1,ESP32_019,PROP_007,27.3,136,False,1,28.567052,77.156505,2026-09-08T09:07:00,NORMAL
9a4d3037,ESP32_014,PROP_032,78.7,354,False,0,28.611523,77.194318,2026-09-17T17:42:00,POSSIBLE_FIRE
81dac195,ESP32_002,PROP_028,76.1,334,True,2,28.597028,77.206915,2026-09-17T10:05:00,POSSIBLE_FIRE
02481e55,ESP32_007,PROP_004,30.6,65,False,0,28.592594,77.249468,2026-09-05T22:50:00,NORMAL
26c0bcea,ESP32_010,PROP_004,31.5,97,False,0,28.56516,77.237588,2026-09-05T14:14:00,NORMAL
e918db60,ESP32_010,PROP_004,21.6,76,False,0,28.568485,77.246958,2026-09-05T18:33:00,NORMAL
a0e223df,ESP32_013,PROP_006,29.5,39,False,0,28.556537,77.198757,2026-09-22T01:14:00,NORMAL
ad09ba32,ESP32_010,PROP_045,24.3,79,False,0,28.637661,77.222887,2026-09-02T11:48:00,NORMAL
bb6d5785,ESP32_010,PROP_035,32.5,52,False,0,28.555196,77.228628,2026-09-27T06:23:00,NORMAL
e9cca3de,ESP32_020,PROP_024,24.1,77,False,1,28.617717,77.207337,2026-09-19T03:44:00,NORMAL
eb191967,ESP32_020,PROP_032,28.2,86,False,1,28.642631,77.211917,2026-09-25T22:49:00,NORMAL
d8bb17bf,ESP32_002,PROP_046,28.9,80,False,1,28.596036,77.236456,2026-09-07T06:31:00,NORMAL
157cc89f,ESP32_014,PROP_047,73.5,123,False,2,28.616039,77.161429,2026-09-07T15:11:00,ANOMALY
6294c27f,ESP32_015,PROP_044,29.6,53,False,0,28.597321,77.246819,2026-09-28T07:41:00,NORMAL
82188829,ESP32_008,PROP_004,55.6,231,False,9,28.62435,77.203199,2026-09-12T17:18:00,POSSIBLE_FIRE
bab88655,ESP32_002,PROP_045,82.2,207,False,4,28.559554,77.161126,2026-09-06T20:31:00,ANOMALY
e531e928,ESP32_018,PROP_035,81.9,806,True,15,28.637703,77.168097,2026-09-08T15:03:00,CONFIRMED_FIRE
f410c88b,ESP32_018,PROP_027,83.4,871,True,11,28.569234,77.177072,2026-09-14T13:04:00,CONFIRMED_FIRE
f9d3c90f,ESP32_014,PROP_050,20.8,70,False,0,28.614476,77.183966,2026-09-04T02:42:00,NORMAL
f3efd812,ESP32_005,PROP_027,21.0,22,False,1,28.64108,77.204741,2026-09-11T03:36:00,NORMAL
94b1a542,ESP32_012,PROP_011,31.0,68,False,0,28.641987,77.155516,2026-09-26T17:09:00,NORMAL
7830a122,ESP32_003,PROP_039,61.6,170,False,8,28.558387,77.24928,2026-09-02T07:43:00,POSSIBLE_FIRE
679030c3,ESP32_010,PROP_050,82.8,45,False,2,28.584987,77.229116,2026-09-19T20:00:00,ANOMALY
91058e36,ESP32_010,PROP_015,62.6,269,False,3,28.601945,77.206269,2026-09-04T08:41:00,POSSIBLE_FIRE
9ea658e8,ESP32_015,PROP_026,84.3,426,False,0,28.638971,77.193736,2026-09-28T18:51:00,ANOMALY
a98796f1,ESP32_002,PROP_036,21.7,56,False,0,28.612887,77.214038,2026-09-30T08:52:00,NORMAL
aaa55b34,ESP32_010,PROP_050,87.5,116,False,10,28.592352,77.168633,2026-09-13T01:39:00,ANOMALY
c7e7edae,ESP32_008,PROP_020,18.6,475,False,2,28.603681,77.221792,2026-09-22T03:13:00,ANOMALY
fb50c7f3,ESP32_002,PROP_038,22.2,28,False,2,28.635814,77.190794,2026-09-19T03:40:00,NORMAL
f6482a55,ESP32_003,PROP_022,21.5,37,False,1,28.56324,77.188225,2026-09-14T07:50:00,NORMAL
a6223624,ESP32_005,PROP_012,23.6,754,False,0,28.626168,77.243837,2026-09-12T08:30:00,ANOMALY
d4fb4b03,ESP32_013,PROP_032,32.5,132,False,0,28.569093,77.219464,2026-09-01T15:22:00,NORMAL
e1e10e3a,ESP32_005,PROP_048,83.7,693,True,19,28.606708,77.174289,2026-09-26T18:37:00,CONFIRMED_FIRE
d2f4dd11,ESP32_003,PROP_044,27.9,81,False,0,28.616243,77.16185,2026-09-17T12:56:00,NORMAL
655d14d4,ESP32_015,PROP_008,26.4,44,False,1,28.640424,77.187472,2026-09-09T11:25:00,NORMAL
db9f1e8f,ESP32_011,PROP_027,71.4,409,False,7,28.621648,77.188649,2026-09-15T20:20:00,POSSIBLE_FIRE
d089152e,ESP32_015,PROP_050,36.5,102,False,0,28.570468,77.209113,2026-09-28T09:44:00,NORMAL
2dc0a1ce,ESP32_001,PROP_036,29.4,84,False,1,28.620003,77.16044,2026-09-20T13:42:00,NORMAL
a835ed6f,ESP32_019,PROP_023,75.2,204,False,1,28.635254,77.175794,2026-09-14T12:37:00,POSSIBLE_FIRE
8ec914c2,ESP32_007,PROP_048,76.5,625,True,15,28.633752,77.168356,2026-09-22T06:35:00,CONFIRMED_FIRE
08d1e432,ESP32_007,PROP_018,32.9,522,False,2,28.640222,77.154977,2026-09-08T21:54:00,ANOMALY
ac7f9d42,ESP32_010,PROP_042,24.3,116,False,0,28.632355,77.23207,2026-09-29T21:57:00,NORMAL
4317edb8,ESP32_014,PROP_007,22.2,77,False,0,28.598469,77.152687,2026-09-12T21:07:00,NORMAL
5cd4c087,ESP32_013,PROP_038,28.8,109,False,0,28.55639,77.157433,2026-09-19T23:07:00,NORMAL
267a9d20,ESP32_010,PROP_026,89.1,108,False,1,28.578154,77.155338,2026-09-16T05:44:00,ANOMALY
f0b6af83,ESP32_018,PROP_002,28.3,37,False,1,28.601337,77.248922,2026-09-16T14:23:00,NORMAL
dc2c7cbe,ESP32_015,PROP_032,96.1,934,True,14,28.629597,77.210969,2026-09-18T13:58:00,CONFIRMED_FIRE
0004d12e,ESP32_017,PROP_045,73.2,332,False,4,28.597716,77.166105,2026-09-22T05:40:00,POSSIBLE_FIRE
2b5d9959,ESP32_015,PROP_033,84.7,740,True,12,28.56732,77.155441,2026-09-26T01:07:00,CONFIRMED_FIRE
318f6566,ESP32_006,PROP_042,77.7,730,True,19,28.615872,77.165054,2026-09-17T01:00:00,CONFIRMED_FIRE
0cf682d4,ESP32_008,PROP_022,96.0,910,True,27,28.582584,77.207423,2026-09-22T18:49:00,CONFIRMED_FIRE
a3515bdc,ESP32_010,PROP_021,26.2,19,False,1,28.564096,77.216419,2026-09-03T04:17:00,NORMAL
21a42185,ESP32_017,PROP_020,86.2,369,False,0,28.56616,77.161835,2026-09-27T17:41:00,POSSIBLE_FIRE
6af43d92,ESP32_001,PROP_014,77.6,390,False,2,28.627617,77.247148,2026-09-27T00:49:00,POSSIBLE_FIRE
f6aadfe9,ESP32_001,PROP_016,71.6,338,False,3,28.64183,77.235828,2026-09-26T19:45:00,ANOMALY
c17f288d,ESP32_010,PROP_047,60.2,294,False,2,28.599765,77.171418,2026-09-09T13:42:00,POSSIBLE_FIRE
493be9c6,ESP32_006,PROP_001,20.5,75,False,0,28.603442,77.185599,2026-09-20T05:33:00,NORMAL
177a902e,ESP32_012,PROP_034,22.5,53,False,0,28.597495,77.155522,2026-09-02T22:15:00,NORMAL
5bdece3d,ESP32_014,PROP_011,26.6,53,False,0,28.643818,77.177557,2026-09-12T18:08:00,NORMAL
f633275a,ESP32_001,PROP_014,33.5,74,False,1,28.58254,77.224649,2026-09-16T13:19:00,NORMAL
d20d88f9,ESP32_002,PROP_020,21.6,69,False,1,28.582693,77.164889,2026-09-04T13:10:00,NORMAL
64f8143b,ESP32_017,PROP_048,86.1,688,True,10,28.561221,77.207313,2026-09-07T03:29:00,CONFIRMED_FIRE
b6dd1983,ESP32_015,PROP_007,27.5,54,False,2,28.616082,77.2053,2026-09-09T02:13:00,NORMAL
b544f2c3,ESP32_010,PROP_043,27.0,52,False,2,28.551438,77.230298,2026-09-14T18:46:00,NORMAL
3ef009fe,ESP32_013,PROP_001,21.6,66,False,0,28.64926,77.215903,2026-09-30T21:12:00,NORMAL
47518657,ESP32_015,PROP_024,76.2,333,False,7,28.627488,77.189274,2026-09-05T06:39:00,POSSIBLE_FIRE
25e14e29,ESP32_005,PROP_030,74.9,296,False,1,28.571093,77.217252,2026-09-15T16:23:00,POSSIBLE_FIRE
4b2923f5,ESP32_015,PROP_029,24.3,36,False,0,28.603986,77.198636,2026-09-14T00:35:00,NORMAL
6f0eec3b,ESP32_002,PROP_039,31.0,458,False,4,28.63294,77.169079,2026-09-16T03:50:00,ANOMALY
367393fa,ESP32_018,PROP_040,27.3,49,False,1,28.582582,77.229252,2026-09-14T08:18:00,NORMAL
e1fdcd73,ESP32_004,PROP_036,55.6,415,False,6,28.638945,77.249936,2026-09-14T11:25:00,POSSIBLE_FIRE
75fd1d78,ESP32_005,PROP_044,89.1,612,True,19,28.566988,77.17853,2026-09-07T21:47:00,CONFIRMED_FIRE
bae87ceb,ESP32_003,PROP_016,66.5,415,False,3,28.594502,77.249951,2026-09-27T16:40:00,POSSIBLE_FIRE
602a797a,ESP32_020,PROP_049,30.1,456,False,2,28.589913,77.230766,2026-09-07T00:05:00,ANOMALY
5b290f37,ESP32_002,PROP_012,19.5,88,False,1,28.617283,77.199723,2026-09-15T14:15:00,NORMAL
fbe8b921,ESP32_002,PROP_027,85.8,742,True,16,28.605203,77.185738,2026-09-17T15:39:00,CONFIRMED_FIRE
8c97e9be,ESP32_006,PROP_017,21.4,276,False,1,28.590708,77.215057,2026-09-22T16:41:00,ANOMALY
3b286101,ESP32_003,PROP_025,83.0,300,False,2,28.585954,77.16258,2026-09-20T23:17:00,POSSIBLE_FIRE
58db8768,ESP32_017,PROP_031,94.8,837,True,18,28.57516,77.177197,2026-09-30T16:53:00,CONFIRMED_FIRE
ae9c07cb,ESP32_016,PROP_006,71.8,591,False,2,28.634359,77.167825,2026-09-10T12:53:00,POSSIBLE_FIRE
723d1eb9,ESP32_002,PROP_016,26.7,64,False,1,28.569864,77.174686,2026-09-12T01:05:00,NORMAL
69eb8aff,ESP32_017,PROP_037,29.4,46,False,0,28.604302,77.172775,2026-09-28T01:35:00,NORMAL
4cd54471,ESP32_010,PROP_010,67.4,356,False,1,28.605776,77.215134,2026-09-24T01:36:00,POSSIBLE_FIRE
fea1c663,ESP32_007,PROP_012,28.8,178,False,0,28.584746,77.212847,2026-09-14T14:00:00,ANOMALY
b9adbe1e,ESP32_001,PROP_029,19.7,3,False,2,28.600011,77.191196,2026-09-02T08:00:00,NORMAL
e973d1b1,ESP32_018,PROP_043,82.5,815,True,10,28.605996,77.213139,2026-09-09T23:38:00,CONFIRMED_FIRE
339f0fe0,ESP32_006,PROP_048,26.8,78,False,0,28.586006,77.197787,2026-09-05T01:00:00,NORMAL
ff24379a,ESP32_016,PROP_015,15.5,88,False,0,28.595607,77.228518,2026-09-02T07:39:00,NORMAL
91b01c46,ESP32_014,PROP_023,17.3,28,False,0,28.602083,77.246117,2026-09-17T20:36:00,NORMAL
3d3c0f0c,ESP32_001,PROP_013,81.5,342,False,7,28.559011,77.227048,2026-09-04T10:40:00,POSSIBLE_FIRE
532f99f1,ESP32_011,PROP_016,25.7,35,False,2,28.647731,77.225731,2026-09-14T14:36:00,NORMAL
1cf2afee,ESP32_012,PROP_014,77.3,716,True,18,28.596512,77.247098,2026-09-11T16:29:00,CONFIRMED_FIRE
16cd38d4,ESP32_018,PROP_004,85.3,325,False,4,28.644097,77.198637,2026-09-10T20:33:00,POSSIBLE_FIRE
101a49c1,ESP32_014,PROP_037,27.4,71,False,0,28.648286,77.203647,2026-09-17T17:14:00,NORMAL
98e5021a,ESP32_001,PROP_049,24.1,21,False,1,28.611134,77.235731,2026-09-23T07:30:00,NORMAL
0e83cd51,ESP32_018,PROP_012,34.1,454,False,5,28.608451,77.193964,2026-09-18T19:30:00,ANOMALY
c4aa90ab,ESP32_017,PROP_046,27.2,41,False,1,28.5649,77.219542,2026-09-01T09:01:00,NORMAL
4e1a3b5c,ESP32_002,PROP_024,25.8,723,False,0,28.629259,77.207464,2026-09-16T10:51:00,ANOMALY
2ddb478f,ESP32_006,PROP_035,31.8,59,False,1,28.624772,77.245307,2026-09-03T09:00:00,NORMAL
efeae350,ESP32_012,PROP_026,76.8,147,False,11,28.63763,77.181938,2026-09-24T01:27:00,ANOMALY
951fc4d4,ESP32_004,PROP_021,24.5,47,False,0,28.61608,77.224636,2026-09-08T12:32:00,NORMAL
0b9d8c13,ESP32_018,PROP_012,74.3,284,False,7,28.626873,77.237755,2026-09-21T14:19:00,ANOMALY
1a1e95cc,ESP32_005,PROP_006,71.4,429,False,0,28.560779,77.198758,2026-09-18T17:44:00,POSSIBLE_FIRE
82071701,ESP32_017,PROP_037,25.0,22,False,0,28.568342,77.150684,2026-09-22T23:09:00,NORMAL
4f6573be,ESP32_004,PROP_040,31.0,65,False,0,28.556569,77.172824,2026-09-19T21:53:00,NORMAL
a0bc806d,ESP32_005,PROP_050,30.1,90,False,0,28.649947,77.212238,2026-09-11T01:36:00,NORMAL
4f694f93,ESP32_010,PROP_045,32.4,29,False,0,28.619251,77.174353,2026-09-11T00:35:00,NORMAL
2c60f7f5,ESP32_019,PROP_042,83.9,0,False,14,28.558455,77.154424,2026-09-01T14:41:00,ANOMALY
9a37723f,ESP32_011,PROP_019,81.2,717,True,20,28.565876,77.242268,2026-09-26T14:15:00,CONFIRMED_FIRE
cdc104cd,ESP32_006,PROP_046,26.0,71,False,1,28.643766,77.185193,2026-09-09T23:16:00,NORMAL
996431b1,ESP32_013,PROP_041,30.8,15,False,0,28.579627,77.166527,2026-09-29T07:34:00,NORMAL
f00f6030,ESP32_008,PROP_045,24.4,40,False,0,28.610791,77.180937,2026-09-24T10:35:00,NORMAL
aa663036,ESP32_014,PROP_049,26.1,31,False,0,28.643399,77.168358,2026-09-12T23:50:00,NORMAL
03c72e66,ESP32_016,PROP_012,22.2,86,False,1,28.600881,77.213633,2026-09-13T02:29:00,NORMAL
182acba3,ESP32_019,PROP_022,23.3,55,False,0,28.583246,77.155659,2026-09-14T04:30:00,NORMAL
c84c1f3f,ESP32_012,PROP_002,25.3,46,False,0,28.551603,77.246369,2026-09-08T12:28:00,NORMAL
d3e68104,ESP32_016,PROP_039,28.4,16,False,1,28.559121,77.199442,2026-09-08T18:14:00,NORMAL
d72a9dd1,ESP32_004,PROP_026,82.6,746,True,12,28.591607,77.159343,2026-09-08T19:01:00,CONFIRMED_FIRE
8dc73ddb,ESP32_019,PROP_036,27.5,0,False,1,28.627099,77.156825,2026-09-17T17:03:00,NORMAL
85ada94f,ESP32_013,PROP_046,20.6,74,False,1,28.589745,77.201361,2026-09-01T16:54:00,NORMAL
837ee160,ESP32_020,PROP_013,20.6,45,False,0,28.618473,77.166262,2026-09-24T20:29:00,NORMAL
4629f813,ESP32_011,PROP_023,23.6,109,False,0,28.612093,77.185237,2026-09-05T20:20:00,NORMAL
fe4ed766,ESP32_006,PROP_046,21.0,110,True,0,28.585549,77.22942,2026-09-11T16:19:00,NORMAL
9bb7d968,ESP32_006,PROP_039,22.2,51,False,0,28.637912,77.244473,2026-09-29T10:50:00,NORMAL
1f7944a9,ESP32_011,PROP_040,51.3,266,False,10,28.593966,77.194629,2026-09-08T02:23:00,POSSIBLE_FIRE
aa5624cf,ESP32_005,PROP_007,63.6,252,True,1,28.61637,77.18811,2026-09-10T03:16:00,POSSIBLE_FIRE
8b5713c8,ESP32_015,PROP_021,18.1,72,False,1,28.601712,77.240808,2026-09-22T21:55:00,NORMAL
09ff6418,ESP32_017,PROP_044,22.5,59,False,2,28.562758,77.178378,2026-09-14T06:43:00,NORMAL
7b20838f,ESP32_003,PROP_040,83.5,318,True,8,28.619827,77.170777,2026-09-05T02:52:00,POSSIBLE_FIRE
e0db8d4c,ESP32_015,PROP_001,21.0,75,False,0,28.584102,77.246186,2026-09-16T08:24:00,NORMAL
f875ab3e,ESP32_018,PROP_026,71.5,0,False,1,28.57115,77.1787,2026-09-28T11:01:00,ANOMALY
148f7d42,ESP32_010,PROP_005,27.1,40,False,1,28.556337,77.248996,2026-09-04T16:07:00,NORMAL
2fcfd49a,ESP32_001,PROP_041,68.8,420,False,1,28.636912,77.205413,2026-09-13T03:42:00,POSSIBLE_FIRE
679eae68,ESP32_016,PROP_016,74.7,815,True,7,28.642895,77.241075,2026-09-27T03:02:00,CONFIRMED_FIRE
fd5503a3,ESP32_019,PROP_049,30.4,0,False,0,28.555349,77.245854,2026-09-17T23:46:00,NORMAL
4a44df17,ESP32_007,PROP_030,30.9,250,False,0,28.575176,77.187485,2026-09-16T00:14:00,ANOMALY
66a52dc9,ESP32_006,PROP_014,26.5,55,False,0,28.648274,77.174997,2026-09-10T11:48:00,NORMAL
69131a89,ESP32_014,PROP_040,22.8,88,False,0,28.602019,77.19476,2026-09-14T19:49:00,NORMAL
dd3d00d0,ESP32_012,PROP_005,29.4,23,False,1,28.563575,77.247744,2026-09-07T10:07:00,NORMAL
328d6fc5,ESP32_001,PROP_025,82.4,900,True,14,28.620745,77.197948,2026-09-28T01:03:00,CONFIRMED_FIRE
00fe8b59,ESP32_019,PROP_037,85.6,739,True,16,28.557268,77.221412,2026-09-02T10:36:00,CONFIRMED_FIRE
f9f3f36c,ESP32_011,PROP_027,54.9,282,False,6,28.584611,77.167261,2026-09-23T18:53:00,POSSIBLE_FIRE
209e14ee,ESP32_011,PROP_020,23.0,41,False,0,28.630787,77.223741,2026-09-25T13:29:00,NORMAL
881c50a6,ESP32_014,PROP_011,29.0,552,False,0,28.55193,77.246539,2026-09-02T06:21:00,ANOMALY
82a2f0c7,ESP32_005,PROP_007,81.7,878,True,20,28.568893,77.175652,2026-09-02T19:01:00,CONFIRMED_FIRE
8b0b67d9,ESP32_012,PROP_042,24.6,12,False,0,28.582073,77.169226,2026-09-19T00:37:00,NORMAL
84a589a5,ESP32_016,PROP_035,25.2,58,False,1,28.639132,77.196381,2026-09-15T03:10:00,NORMAL
abadbbfa,ESP32_005,PROP_040,91.4,115,False,0,28.609245,77.225876,2026-09-05T15:08:00,ANOMALY
0b2fada0,ESP32_017,PROP_008,24.3,62,False,0,28.593244,77.212317,2026-09-01T06:12:00,NORMAL
2c4d8d73,ESP32_015,PROP_023,76.0,333,False,0,28.647922,77.199427,2026-09-06T19:09:00,ANOMALY
832a515c,ESP32_017,PROP_040,86.8,691,True,29,28.610291,77.207907,2026-09-18T16:04:00,CONFIRMED_FIRE
859ec1e9,ESP32_017,PROP_001,71.9,167,True,2,28.56176,77.244831,2026-09-16T09:05:00,POSSIBLE_FIRE
c9f244f6,ESP32_001,PROP_044,26.0,47,False,0,28.606094,77.237665,2026-09-30T17:28:00,NORMAL
8aa772aa,ESP32_015,PROP_013,70.7,325,True,7,28.642852,77.20903,2026-09-07T17:05:00,POSSIBLE_FIRE
a39aaa69,ESP32_015,PROP_040,20.3,366,False,1,28.637834,77.169587,2026-09-09T18:31:00,ANOMALY
27e4bf1c,ESP32_017,PROP_007,30.2,39,False,0,28.647554,77.195899,2026-09-26T16:51:00,NORMAL
d53c07d6,ESP32_006,PROP_020,28.9,63,False,0,28.618444,77.200322,2026-09-07T10:01:00,NORMAL
1993bc93,ESP32_011,PROP_011,85.7,389,True,2,28.559488,77.183301,2026-09-02T20:14:00,POSSIBLE_FIRE
980a9059,ESP32_019,PROP_007,30.5,774,False,5,28.601386,77.151057,2026-09-27T08:33:00,ANOMALY
d86c624c,ESP32_005,PROP_001,31.5,48,False,0,28.58235,77.23343,2026-09-12T03:32:00,NORMAL
0717f53c,ESP32_007,PROP_003,23.5,85,False,0,28.623787,77.233414,2026-09-15T07:40:00,NORMAL
e334c57e,ESP32_002,PROP_042,21.5,108,False,0,28.622921,77.200029,2026-09-30T05:38:00,NORMAL
56a34dc3,ESP32_016,PROP_025,90.0,77,False,11,28.55382,77.211521,2026-09-30T08:15:00,POSSIBLE_FIRE
22f1d229,ESP32_012,PROP_018,22.3,78,False,1,28.579679,77.204137,2026-09-29T22:40:00,NORMAL
2e6cbf92,ESP32_009,PROP_003,62.7,0,False,0,28.583785,77.157787,2026-09-10T06:11:00,ANOMALY
a9e17eae,ESP32_011,PROP_042,26.7,58,False,0,28.604891,77.16892,2026-09-04T21:23:00,NORMAL
0e2b6c31,ESP32_015,PROP_006,97.9,707,True,22,28.615623,77.188504,2026-09-05T20:55:00,CONFIRMED_FIRE
95a7bd19,ESP32_005,PROP_022,94.1,799,True,11,28.644886,77.213546,2026-09-07T13:18:00,CONFIRMED_FIRE
3464b1ea,ESP32_003,PROP_014,83.9,715,True,25,28.573118,77.184382,2026-09-07T18:20:00,CONFIRMED_FIRE
e199f9a3,ESP32_007,PROP_026,70.4,0,False,3,28.614062,77.1914,2026-09-26T21:19:00,ANOMALY
e64a7ecd,ESP32_015,PROP_038,30.3,67,False,1,28.630575,77.210251,2026-09-02T17:24:00,NORMAL
5b936971,ESP32_007,PROP_032,30.9,64,False,0,28.562771,77.232607,2026-09-07T17:55:00,NORMAL
1aa18a35,ESP32_004,PROP_049,88.1,798,True,18,28.598447,77.196033,2026-09-15T02:11:00,CONFIRMED_FIRE
82be6b77,ESP32_019,PROP_049,74.2,0,False,8,28.600555,77.215014,2026-09-23T00:23:00,ANOMALY
1d9b562a,ESP32_012,PROP_049,28.5,89,False,0,28.563682,77.245024,2026-09-20T18:30:00,NORMAL
d5153255,ESP32_013,PROP_036,68.0,378,False,7,28.591431,77.197357,2026-09-13T23:16:00,POSSIBLE_FIRE
a5458723,ESP32_004,PROP_021,86.8,790,True,15,28.595301,77.237776,2026-09-28T04:07:00,CONFIRMED_FIRE
dd0a65c5,ESP32_013,PROP_016,66.3,454,False,4,28.637451,77.224922,2026-09-07T15:12:00,POSSIBLE_FIRE
28201a3c,ESP32_011,PROP_029,21.0,35,False,0,28.553919,77.191795,2026-09-17T08:28:00,NORMAL
d0b9a81d,ESP32_002,PROP_016,23.6,82,False,0,28.576103,77.237576,2026-09-24T09:54:00,NORMAL
ec68b942,ESP32_008,PROP_045,22.6,44,False,1,28.598059,77.209241,2026-09-14T06:49:00,NORMAL
ed366d77,ESP32_020,PROP_030,23.6,21,False,3,28.642832,77.217598,2026-09-24T05:33:00,NORMAL
73f7e323,ESP32_003,PROP_020,95.1,714,True,16,28.607215,77.206943,2026-09-04T12:14:00,CONFIRMED_FIRE
128d9c31,ESP32_005,PROP_036,20.2,34,False,1,28.605385,77.24693,2026-09-05T07:10:00,NORMAL
6a931e05,ESP32_014,PROP_030,96.0,935,True,13,28.622479,77.155953,2026-09-13T09:09:00,CONFIRMED_FIRE
6062b3d3,ESP32_001,PROP_011,26.6,98,False,0,28.555574,77.210981,2026-09-15T12:26:00,NORMAL
e60d1f51,ESP32_020,PROP_015,21.1,61,False,1,28.603659,77.242404,2026-09-07T01:17:00,NORMAL
5be35c7c,ESP32_001,PROP_005,84.3,370,False,7,28.649552,77.161885,2026-09-10T10:20:00,POSSIBLE_FIRE
de9e12e7,ESP32_006,PROP_028,29.8,428,False,1,28.590819,77.176282,2026-09-17T06:30:00,ANOMALY
a8278534,ESP32_008,PROP_009,22.8,97,False,0,28.58088,77.179353,2026-09-20T08:16:00,NORMAL
27287bea,ESP32_002,PROP_034,84.8,833,True,20,28.563424,77.157417,2026-09-01T05:39:00,CONFIRMED_FIRE
90635f8c,ESP32_009,PROP_013,30.0,47,False,1,28.571339,77.216515,2026-09-25T08:20:00,NORMAL
28c4be9b,ESP32_017,PROP_013,69.5,430,False,5,28.644908,77.227719,2026-09-15T14:50:00,POSSIBLE_FIRE
cd832212,ESP32_002,PROP_027,26.9,27,False,0,28.573906,77.200972,2026-09-27T10:27:00,NORMAL
2c026bba,ESP32_007,PROP_003,31.8,55,False,0,28.62968,77.179417,2026-09-04T22:15:00,NORMAL
b664a148,ESP32_011,PROP_034,23.1,44,False,1,28.621544,77.156917,2026-09-04T01:34:00,NORMAL
7e275ff1,ESP32_013,PROP_003,32.9,57,False,2,28.61562,77.197166,2026-09-09T18:38:00,NORMAL
c5d2a0a4,ESP32_001,PROP_006,34.1,37,False,0,28.587183,77.231879,2026-09-19T19:22:00,NORMAL
6a5cb2e4,ESP32_005,PROP_005,28.3,74,False,1,28.573569,77.213376,2026-09-15T07:31:00,NORMAL
ce152bc3,ESP32_003,PROP_033,82.4,777,True,13,28.588351,77.244023,2026-09-23T12:07:00,CONFIRMED_FIRE
454addf2,ESP32_002,PROP_033,33.5,95,False,0,28.643806,77.241765,2026-09-08T11:14:00,NORMAL
61e92cb7,ESP32_017,PROP_034,87.8,90,False,0,28.645091,77.170711,2026-09-16T01:43:00,ANOMALY
b4541423,ESP32_005,PROP_019,71.4,338,False,7,28.610796,77.160476,2026-09-13T12:13:00,POSSIBLE_FIRE
54a24c1c,ESP32_003,PROP_021,35.0,92,False,2,28.636333,77.201908,2026-09-19T10:03:00,NORMAL
4d8e2eab,ESP32_012,PROP_046,26.7,111,False,0,28.627388,77.210192,2026-09-19T12:09:00,NORMAL
bcc29842,ESP32_004,PROP_030,22.8,19,False,0,28.589191,77.219716,2026-09-30T00:29:00,NORMAL
7088a470,ESP32_007,PROP_019,76.3,395,False,6,28.604668,77.22093,2026-09-07T18:31:00,POSSIBLE_FIRE
0636fc81,ESP32_004,PROP_030,20.7,100,False,1,28.603738,77.234079,2026-09-30T04:36:00,NORMAL
14c46a8c,ESP32_018,PROP_028,80.4,415,False,5,28.614595,77.247289,2026-09-04T07:07:00,POSSIBLE_FIRE
30ac889d,ESP32_008,PROP_047,33.0,36,False,0,28.606944,77.238746,2026-09-14T22:19:00,NORMAL
00391809,ESP32_004,PROP_032,95.4,410,False,0,28.56614,77.151312,2026-09-24T22:02:00,ANOMALY
fbca6e08,ESP32_011,PROP_017,31.8,42,False,0,28.594635,77.205069,2026-09-17T22:46:00,NORMAL
56c9a689,ESP32_008,PROP_039,75.4,116,False,3,28.599479,77.234913,2026-09-22T08:35:00,POSSIBLE_FIRE
7e91983d,ESP32_014,PROP_009,29.9,59,False,0,28.604163,77.213348,2026-09-17T11:52:00,NORMAL
e33241f9,ESP32_010,PROP_018,30.8,64,False,1,28.57495,77.204747,2026-09-04T03:52:00,NORMAL
3470b2aa,ESP32_015,PROP_006,23.5,22,False,1,28.647507,77.199075,2026-09-10T04:34:00,NORMAL
b9d9385d,ESP32_018,PROP_021,36.0,383,False,7,28.591539,77.168658,2026-09-13T22:56:00,ANOMALY
e537d83e,ESP32_002,PROP_019,78.8,332,False,0,28.603339,77.20144,2026-09-30T10:21:00,POSSIBLE_FIRE
e18c7894,ESP32_012,PROP_048,80.5,324,False,5,28.553474,77.181988,2026-09-27T00:09:00,POSSIBLE_FIRE
aca26f1d,ESP32_008,PROP_003,74.1,270,False,0,28.642185,77.153625,2026-09-16T22:31:00,ANOMALY
15f1f409,ESP32_012,PROP_008,75.2,96,False,11,28.591906,77.218248,2026-09-15T07:35:00,ANOMALY
1d1200a7,ESP32_009,PROP_019,81.8,52,False,0,28.590192,77.21466,2026-09-23T05:42:00,ANOMALY
fee77f99,ESP32_011,PROP_020,26.1,33,False,2,28.60856,77.209135,2026-09-22T10:57:00,NORMAL
38af22ed,ESP32_018,PROP_002,70.1,484,False,9,28.569571,77.152785,2026-09-21T17:09:00,POSSIBLE_FIRE
ea6a17cf,ESP32_013,PROP_013,29.4,74,False,1,28.60845,77.233379,2026-09-17T15:49:00,NORMAL
93046a8a,ESP32_002,PROP_004,29.8,28,False,0,28.649708,77.247978,2026-09-19T04:10:00,NORMAL
ff2a37a4,ESP32_003,PROP_011,31.1,58,False,0,28.563579,77.15993,2026-09-06T06:37:00,NORMAL
63b6fb6b,ESP32_017,PROP_014,70.8,377,False,3,28.555627,77.191199,2026-09-30T17:31:00,POSSIBLE_FIRE
8835e4b4,ESP32_007,PROP_046,28.3,81,False,1,28.585071,77.226719,2026-09-06T20:36:00,NORMAL
52995f73,ESP32_004,PROP_003,87.0,697,True,20,28.579327,77.242116,2026-09-27T02:26:00,CONFIRMED_FIRE
9929b958,ESP32_019,PROP_039,30.4,61,False,1,28.584097,77.230547,2026-09-11T06:21:00,NORMAL
a3cbf167,ESP32_006,PROP_020,27.0,49,False,0,28.62888,77.213961,2026-09-13T15:50:00,NORMAL
6dd629ab,ESP32_003,PROP_046,83.9,736,True,20,28.612434,77.173762,2026-09-16T02:40:00,CONFIRMED_FIRE
bc3460d5,ESP32_016,PROP_040,31.4,50,False,3,28.608745,77.179404,2026-09-27T13:38:00,NORMAL
ecb964e3,ESP32_012,PROP_005,24.2,88,False,0,28.595727,77.234202,2026-09-23T06:53:00,NORMAL
c4b76c72,ESP32_002,PROP_013,81.5,744,True,25,28.60697,77.172159,2026-09-02T09:55:00,CONFIRMED_FIRE
325281b4,ESP32_007,PROP_044,85.5,524,False,4,28.569874,77.235464,2026-09-03T08:12:00,ANOMALY
2b68fbb4,ESP32_011,PROP_037,28.1,89,False,0,28.558202,77.153494,2026-09-22T04:17:00,NORMAL
ccc5c4db,ESP32_018,PROP_016,27.2,60,False,0,28.626685,77.176829,2026-09-16T22:22:00,NORMAL
a5ad44b4,ESP32_010,PROP_017,91.1,821,True,23,28.568342,77.239353,2026-09-11T17:16:00,CONFIRMED_FIRE
db26f9a9,ESP32_016,PROP_017,40.0,444,False,1,28.586246,77.165191,2026-09-04T11:49:00,ANOMALY
6315bfe3,ESP32_019,PROP_023,28.0,55,False,0,28.555808,77.236618,2026-09-12T03:03:00,NORMAL
f918cccc,ESP32_008,PROP_003,83.8,673,True,12,28.606,77.195039,2026-09-16T17:11:00,CONFIRMED_FIRE
9afa9375,ESP32_002,PROP_014,30.2,34,False,1,28.556662,77.172903,2026-09-08T20:22:00,NORMAL
102623f0,ESP32_015,PROP_025,82.5,4,False,0,28.639158,77.206293,2026-09-17T17:39:00,ANOMALY
e726459c,ESP32_018,PROP_043,27.9,1,False,0,28.587735,77.175823,2026-09-11T18:13:00,NORMAL
3792f278,ESP32_002,PROP_013,84.6,753,True,14,28.64495,77.249673,2026-09-25T14:24:00,CONFIRMED_FIRE
d66b645d,ESP32_013,PROP_003,65.7,368,False,6,28.627013,77.164155,2026-09-12T02:45:00,POSSIBLE_FIRE
beef81e1,ESP32_012,PROP_037,20.7,34,False,1,28.555822,77.2427,2026-09-07T10:28:00,NORMAL
91b96f83,ESP32_016,PROP_040,76.1,510,False,6,28.621413,77.186994,2026-09-15T22:54:00,POSSIBLE_FIRE
a962b93b,ESP32_015,PROP_034,73.4,408,False,3,28.609012,77.179804,2026-09-01T18:02:00,POSSIBLE_FIRE
9109b7e8,ESP32_011,PROP_007,78.5,702,True,12,28.608659,77.211304,2026-09-15T05:41:00,CONFIRMED_FIRE
091b71fb,ESP32_014,PROP_038,88.2,667,True,16,28.590022,77.207692,2026-09-03T02:51:00,CONFIRMED_FIRE
6baa11ac,ESP32_013,PROP_017,24.6,76,False,1,28.565205,77.195832,2026-09-24T09:18:00,NORMAL
e1f6d044,ESP32_006,PROP_009,90.7,54,False,6,28.578883,77.190901,2026-09-08T21:29:00,ANOMALY
f746d023,ESP32_017,PROP_045,78.5,55,False,3,28.594249,77.214695,2026-09-02T02:40:00,POSSIBLE_FIRE
f578082c,ESP32_006,PROP_012,31.4,63,False,0,28.570642,77.1511,2026-09-29T07:20:00,NORMAL
41af0a3c,ESP32_017,PROP_032,26.2,113,False,0,28.628804,77.179721,2026-09-20T09:09:00,NORMAL
d541d34d,ESP32_014,PROP_034,64.7,384,True,2,28.552002,77.206998,2026-09-08T14:09:00,POSSIBLE_FIRE
318c116f,ESP32_019,PROP_021,27.4,24,False,0,28.618791,77.236395,2026-09-14T13:22:00,NORMAL
3397a107,ESP32_019,PROP_034,26.8,61,False,1,28.584826,77.201399,2026-09-23T00:23:00,NORMAL
c1449abb,ESP32_004,PROP_013,23.1,64,False,1,28.622129,77.165643,2026-09-23T22:21:00,NORMAL
05c3e90a,ESP32_019,PROP_030,26.7,557,False,4,28.638693,77.191084,2026-09-12T08:55:00,ANOMALY
54e05966,ESP32_007,PROP_006,18.3,63,False,0,28.639983,77.152182,2026-09-06T12:07:00,NORMAL
65165715,ESP32_009,PROP_042,28.2,54,False,2,28.593861,77.222483,2026-09-05T23:39:00,NORMAL
a2b15664,ESP32_018,PROP_020,59.6,482,False,6,28.615887,77.214711,2026-09-05T22:31:00,POSSIBLE_FIRE
5cb4611f,ESP32_005,PROP_022,31.2,110,False,2,28.625827,77.18069,2026-09-26T04:44:00,NORMAL
faf47930,ESP32_009,PROP_037,81.5,906,True,13,28.593076,77.214812,2026-09-08T05:51:00,CONFIRMED_FIRE
a62e1b02,ESP32_002,PROP_034,77.8,96,False,8,28.595253,77.200655,2026-09-04T15:57:00,ANOMALY
704bc5ca,ESP32_003,PROP_009,89.4,654,True,19,28.56896,77.153179,2026-09-20T16:10:00,CONFIRMED_FIRE
38706568,ESP32_014,PROP_004,38.6,513,False,2,28.576568,77.24358,2026-09-09T16:21:00,ANOMALY
797358f6,ESP32_006,PROP_007,57.1,448,False,5,28.623848,77.230608,2026-09-15T21:22:00,POSSIBLE_FIRE
1541521b,ESP32_005,PROP_035,28.7,54,False,2,28.60913,77.177472,2026-09-30T12:50:00,NORMAL
d5f290eb,ESP32_004,PROP_019,24.7,58,False,0,28.566906,77.185181,2026-09-09T15:30:00,NORMAL
03f59b1c,ESP32_002,PROP_045,27.7,44,False,1,28.581119,77.170906,2026-09-06T22:16:00,NORMAL
6009437c,ESP32_007,PROP_013,25.5,91,False,1,28.617542,77.154485,2026-09-15T20:26:00,NORMAL
6246c739,ESP32_011,PROP_003,25.6,53,False,1,28.593221,77.217973,2026-09-15T14:40:00,NORMAL
fb7de9aa,ESP32_020,PROP_008,28.2,112,False,2,28.556653,77.173079,2026-09-23T13:04:00,NORMAL
e110bf7f,ESP32_019,PROP_034,76.6,263,False,9,28.599141,77.222198,2026-09-13T05:49:00,POSSIBLE_FIRE
bab57bae,ESP32_003,PROP_023,76.0,475,False,7,28.588142,77.157866,2026-09-24T19:23:00,POSSIBLE_FIRE
9a765a83,ESP32_004,PROP_031,93.5,0,False,0,28.563688,77.21876,2026-09-06T00:16:00,ANOMALY
9484fcd1,ESP32_018,PROP_047,79.4,315,False,1,28.59119,77.157338,2026-09-23T06:00:00,ANOMALY
45f582d6,ESP32_013,PROP_016,29.5,45,False,0,28.571789,77.216183,2026-09-04T21:01:00,NORMAL
4342563a,ESP32_014,PROP_023,56.5,332,True,2,28.602237,77.150722,2026-09-21T20:28:00,POSSIBLE_FIRE
6f18d93d,ESP32_007,PROP_008,81.6,350,True,0,28.618676,77.217422,2026-09-17T16:28:00,POSSIBLE_FIRE
7dcaadc9,ESP32_008,PROP_048,22.8,95,False,0,28.56305,77.194054,2026-09-09T08:21:00,NORMAL
cd5ef80f,ESP32_015,PROP_026,26.2,70,False,3,28.570088,77.18057,2026-09-29T14:52:00,NORMAL
6371aadd,ESP32_015,PROP_027,24.1,398,False,0,28.580348,77.205906,2026-09-12T18:39:00,ANOMALY
8f05f436,ESP32_001,PROP_019,22.0,28,False,1,28.576361,77.245464,2026-09-14T16:09:00,NORMAL
973ac87f,ESP32_019,PROP_006,31.8,33,False,0,28.564444,77.194207,2026-09-21T03:31:00,NORMAL
4672a863,ESP32_013,PROP_007,30.1,53,False,0,28.576092,77.246962,2026-09-28T16:46:00,NORMAL
3ec03bd4,ESP32_015,PROP_014,27.0,92,False,0,28.571546,77.162048,2026-09-16T11:41:00,NORMAL
3ce55699,ESP32_018,PROP_035,86.3,890,True,7,28.551932,77.200201,2026-09-16T09:12:00,CONFIRMED_FIRE
91d37129,ESP32_014,PROP_046,72.7,879,True,22,28.57114,77.203663,2026-09-15T04:39:00,CONFIRMED_FIRE
8b03c2a5,ESP32_016,PROP_029,63.1,216,False,7,28.601338,77.232532,2026-09-28T22:53:00,POSSIBLE_FIRE
70fb2177,ESP32_006,PROP_029,28.7,32,False,0,28.565868,77.175823,2026-09-13T01:34:00,NORMAL
23801204,ESP32_019,PROP_005,34.4,24,False,0,28.637239,77.211312,2026-09-24T09:28:00,NORMAL
0188229f,ESP32_001,PROP_047,84.1,755,True,23,28.63824,77.245656,2026-09-26T03:50:00,CONFIRMED_FIRE
25bd3be4,ESP32_005,PROP_042,22.9,65,False,3,28.638438,77.184478,2026-09-18T00:47:00,NORMAL
c298d57c,ESP32_011,PROP_040,53.3,519,False,5,28.61377,77.200608,2026-09-07T13:45:00,POSSIBLE_FIRE
99849d1d,ESP32_019,PROP_009,23.6,69,False,2,28.620045,77.190181,2026-09-26T09:18:00,NORMAL
7c3ebdd2,ESP32_019,PROP_033,25.3,80,False,0,28.64126,77.237379,2026-09-14T15:37:00,NORMAL
269039f9,ESP32_011,PROP_017,84.7,395,False,10,28.644753,77.185585,2026-09-16T09:21:00,POSSIBLE_FIRE
7870f210,ESP32_011,PROP_008,74.9,308,False,0,28.592612,77.178755,2026-09-16T20:29:00,POSSIBLE_FIRE
9c0361ff,ESP32_008,PROP_031,93.1,860,True,17,28.63851,77.15082,2026-09-02T13:51:00,CONFIRMED_FIRE
0e2f5eb4,ESP32_005,PROP_001,87.3,765,True,14,28.627368,77.202869,2026-09-18T07:52:00,CONFIRMED_FIRE
1d6486aa,ESP32_003,PROP_030,86.6,923,True,10,28.605722,77.170684,2026-09-10T10:41:00,CONFIRMED_FIRE
9eaa3f81,ESP32_002,PROP_050,84.5,354,False,3,28.562444,77.203017,2026-09-17T18:16:00,ANOMALY
86643b1c,ESP32_013,PROP_030,28.1,430,False,0,28.573873,77.241763,2026-09-04T12:23:00,ANOMALY
bde30b3f,ESP32_019,PROP_013,22.7,9,False,2,28.608526,77.185934,2026-09-07T00:15:00,NORMAL
9cf4b4aa,ESP32_011,PROP_009,31.8,43,False,2,28.5705,77.187923,2026-09-04T18:15:00,NORMAL
0ccbf49f,ESP32_012,PROP_020,22.4,70,False,1,28.575668,77.22139,2026-09-23T10:25:00,NORMAL
8989fb4e,ESP32_020,PROP_013,68.4,242,False,6,28.573732,77.178867,2026-09-03T15:31:00,POSSIBLE_FIRE
e08c7880,ESP32_007,PROP_004,26.4,80,False,1,28.609358,77.162711,2026-09-18T10:23:00,NORMAL
ac660551,ESP32_015,PROP_006,86.4,943,True,21,28.605149,77.195173,2026-09-10T08:00:00,CONFIRMED_FIRE
21370198,ESP32_013,PROP_033,26.8,70,False,0,28.596869,77.191482,2026-09-01T06:24:00,NORMAL
855c7252,ESP32_004,PROP_017,25.3,43,False,2,28.560219,77.235421,2026-09-03T07:42:00,NORMAL
632a9d35,ESP32_012,PROP_043,64.3,167,True,0,28.581818,77.17667,2026-09-16T01:02:00,POSSIBLE_FIRE
52cd8bd5,ESP32_006,PROP_024,72.5,269,False,5,28.645924,77.221566,2026-09-20T06:39:00,POSSIBLE_FIRE
3d84d5b1,ESP32_014,PROP_012,29.8,316,False,6,28.575657,77.176646,2026-09-07T04:02:00,ANOMALY
d116f21a,ESP32_001,PROP_014,22.7,115,False,1,28.647587,77.178626,2026-09-22T22:55:00,NORMAL
0837d04c,ESP32_002,PROP_029,29.8,61,False,1,28.631016,77.192967,2026-09-06T02:29:00,NORMAL
eb1e86d9,ESP32_009,PROP_010,27.4,269,False,1,28.590991,77.217964,2026-09-21T10:00:00,ANOMALY
9c19a4cf,ESP32_015,PROP_032,25.7,77,False,0,28.641152,77.15295,2026-09-16T15:20:00,NORMAL
204a920b,ESP32_019,PROP_001,33.9,60,False,0,28.613594,77.20993,2026-09-13T13:02:00,NORMAL
1ae0b199,ESP32_013,PROP_044,82.0,520,False,0,28.559303,77.208927,2026-09-08T14:36:00,POSSIBLE_FIRE
e069dc65,ESP32_020,PROP_010,23.5,85,False,0,28.59105,77.173008,2026-09-16T18:09:00,NORMAL
88c42802,ESP32_012,PROP_001,27.4,79,False,0,28.639675,77.171071,2026-09-10T07:31:00,NORMAL
d1b1589d,ESP32_019,PROP_016,30.9,258,False,0,28.552292,77.236231,2026-09-01T12:29:00,ANOMALY
3b423dc5,ESP32_017,PROP_003,22.1,22,False,1,28.595174,77.185473,2026-09-25T22:52:00,NORMAL
0592b280,ESP32_001,PROP_015,70.2,601,True,14,28.577497,77.163844,2026-09-03T01:55:00,CONFIRMED_FIRE
0303e488,ESP32_006,PROP_003,31.8,652,False,1,28.602407,77.241482,2026-09-18T06:06:00,ANOMALY
22cd3d5b,ESP32_008,PROP_005,28.5,37,False,0,28.594018,77.156931,2026-09-06T10:56:00,NORMAL
cd66668b,ESP32_010,PROP_008,27.0,127,False,1,28.626994,77.205664,2026-09-24T16:04:00,NORMAL
f9f8d757,ESP32_014,PROP_016,62.2,373,False,0,28.552863,77.169973,2026-09-04T02:14:00,POSSIBLE_FIRE
9e8cebac,ESP32_019,PROP_032,32.5,17,False,0,28.635649,77.215869,2026-09-04T04:51:00,NORMAL
71e04a07,ESP32_010,PROP_049,23.9,0,False,0,28.604878,77.229629,2026-09-28T00:51:00,NORMAL
bf352973,ESP32_009,PROP_035,28.2,19,False,0,28.589817,77.20374,2026-09-30T22:02:00,NORMAL
c3d28f42,ESP32_013,PROP_036,71.4,226,False,0,28.623076,77.179908,2026-09-29T18:46:00,ANOMALY
1f51c7f5,ESP32_010,PROP_041,25.6,28,False,0,28.575008,77.233655,2026-09-06T07:14:00,NORMAL
79e511ae,ESP32_010,PROP_020,25.0,842,False,0,28.585891,77.20662,2026-09-28T04:57:00,ANOMALY
c738202f,ESP32_015,PROP_019,85.1,418,False,6,28.647999,77.238217,2026-09-30T11:05:00,POSSIBLE_FIRE
76e87fc2,ESP32_004,PROP_026,82.2,525,True,8,28.629546,77.154962,2026-09-05T02:42:00,POSSIBLE_FIRE
d3b189d4,ESP32_013,PROP_050,68.4,383,False,8,28.576251,77.224558,2026-09-20T15:13:00,ANOMALY
40c089b5,ESP32_009,PROP_017,67.4,0,False,4,28.612208,77.153743,2026-09-04T17:09:00,ANOMALY
02de186f,ESP32_013,PROP_043,33.9,101,False,0,28.584985,77.17438,2026-09-13T17:24:00,NORMAL
170a2c74,ESP32_008,PROP_026,24.3,67,False,0,28.595012,77.24771,2026-09-08T08:01:00,NORMAL
253af574,ESP32_001,PROP_003,27.9,57,False,0,28.566949,77.20568,2026-09-17T00:53:00,NORMAL
16a46192,ESP32_002,PROP_008,76.9,346,False,3,28.557121,77.229869,2026-09-02T14:23:00,POSSIBLE_FIRE
c4401691,ESP32_016,PROP_022,85.4,0,False,9,28.55115,77.212113,2026-09-13T11:41:00,ANOMALY
c15974e6,ESP32_017,PROP_021,70.2,397,True,2,28.638408,77.195209,2026-09-11T19:55:00,POSSIBLE_FIRE
7a4f5eac,ESP32_004,PROP_030,24.3,65,False,2,28.621615,77.177262,2026-09-17T02:11:00,NORMAL
668b670d,ESP32_016,PROP_011,69.5,306,False,6,28.618359,77.150284,2026-09-16T11:44:00,POSSIBLE_FIRE
33b66ed8,ESP32_016,PROP_046,33.6,0,False,2,28.595428,77.195157,2026-09-23T23:13:00,NORMAL
c86b9a98,ESP32_018,PROP_019,70.3,301,True,1,28.581268,77.160592,2026-09-02T01:02:00,POSSIBLE_FIRE
2d3130d2,ESP32_014,PROP_002,66.2,457,False,5,28.606054,77.183207,2026-09-13T01:09:00,POSSIBLE_FIRE
aee3829e,ESP32_013,PROP_013,77.6,497,False,0,28.604884,77.203833,2026-09-15T19:26:00,POSSIBLE_FIRE
2a65354f,ESP32_004,PROP_031,25.6,31,False,0,28.637401,77.172071,2026-09-03T07:17:00,NORMAL
084d7a80,ESP32_015,PROP_007,15.0,57,False,1,28.59686,77.20913,2026-09-01T06:10:00,NORMAL
14458e14,ESP32_019,PROP_034,25.4,50,False,0,28.562523,77.188205,2026-09-08T13:11:00,NORMAL
968cf582,ESP32_006,PROP_046,25.6,50,False,0,28.558346,77.238242,2026-09-11T12:29:00,NORMAL
7b5fbc55,ESP32_014,PROP_029,21.9,33,False,1,28.578322,77.238141,2026-09-17T02:24:00,NORMAL
ea18a68d,ESP32_016,PROP_015,82.5,874,True,26,28.600816,77.18452,2026-09-12T13:56:00,CONFIRMED_FIRE
2d4d981a,ESP32_012,PROP_032,63.9,435,False,4,28.574599,77.199714,2026-09-05T04:04:00,POSSIBLE_FIRE
04db8475,ESP32_002,PROP_021,90.2,781,True,18,28.612967,77.248691,2026-09-08T03:46:00,CONFIRMED_FIRE
02ea4974,ESP32_006,PROP_006,81.5,620,True,17,28.641488,77.164027,2026-09-16T00:15:00,CONFIRMED_FIRE
cf8619bb,ESP32_013,PROP_026,77.8,514,False,7,28.585637,77.23325,2026-09-29T04:21:00,POSSIBLE_FIRE
97cf8245,ESP32_004,PROP_022,79.0,324,True,1,28.626717,77.21598,2026-09-28T10:09:00,POSSIBLE_FIRE
b790b6ec,ESP32_002,PROP_009,28.4,14,False,3,28.627091,77.16066,2026-09-11T10:48:00,NORMAL
2a47e92d,ESP32_015,PROP_050,91.7,707,True,15,28.637114,77.247006,2026-09-30T13:46:00,CONFIRMED_FIRE
fd4c8f9b,ESP32_020,PROP_035,28.7,62,False,0,28.63608,77.18462,2026-09-26T21:05:00,NORMAL
d305b0dd,ESP32_005,PROP_030,66.4,265,False,7,28.610653,77.160373,2026-09-08T17:43:00,POSSIBLE_FIRE
1f4033b5,ESP32_003,PROP_021,75.5,392,True,3,28.636543,77.17965,2026-09-16T12:13:00,POSSIBLE_FIRE
455a1c77,ESP32_003,PROP_008,24.7,107,False,0,28.633862,77.215478,2026-09-06T07:17:00,NORMAL
189203b0,ESP32_007,PROP_015,60.8,114,False,6,28.551803,77.205705,2026-09-06T21:24:00,POSSIBLE_FIRE
ba9304e6,ESP32_011,PROP_011,79.8,555,True,6,28.64995,77.176307,2026-09-02T15:49:00,POSSIBLE_FIRE
c1cf8a57,ESP32_009,PROP_049,88.2,697,True,31,28.599462,77.163198,2026-09-15T23:34:00,CONFIRMED_FIRE
97a02c45,ESP32_005,PROP_018,81.4,824,True,19,28.563214,77.209548,2026-09-07T15:57:00,CONFIRMED_FIRE
5aad49c0,ESP32_016,PROP_050,73.7,809,False,20,28.591605,77.167231,2026-09-08T05:46:00,CONFIRMED_FIRE
ecd75771,ESP32_008,PROP_033,21.4,26,False,1,28.559495,77.222818,2026-09-24T19:02:00,NORMAL
c7157871,ESP32_001,PROP_019,80.2,235,False,0,28.639989,77.184808,2026-09-21T10:12:00,ANOMALY
6ecdd2a6,ESP32_013,PROP_023,36.0,51,False,0,28.605701,77.239397,2026-09-09T08:47:00,NORMAL
39706e1b,ESP32_017,PROP_021,30.9,36,False,0,28.647477,77.23256,2026-09-24T16:51:00,NORMAL
7f712a42,ESP32_005,PROP_023,25.1,106,False,1,28.561474,77.162614,2026-09-24T10:23:00,NORMAL
79395652,ESP32_020,PROP_038,30.7,24,False,2,28.56434,77.151839,2026-09-04T09:13:00,NORMAL
038f6748,ESP32_007,PROP_034,24.6,66,False,0,28.566686,77.193053,2026-09-03T06:27:00,NORMAL
c61e7d9f,ESP32_019,PROP_045,26.6,76,False,1,28.626949,77.168704,2026-09-30T05:41:00,NORMAL
f4ab133d,ESP32_020,PROP_037,20.2,85,False,2,28.622753,77.198439,2026-09-11T23:10:00,NORMAL
67b4ccd4,ESP32_002,PROP_031,21.8,48,False,1,28.580242,77.206341,2026-09-08T04:15:00,NORMAL
5907eacf,ESP32_006,PROP_042,18.5,0,False,1,28.640552,77.227262,2026-09-09T13:23:00,NORMAL
c75e65fb,ESP32_017,PROP_027,78.5,244,False,3,28.648645,77.221508,2026-09-06T11:18:00,POSSIBLE_FIRE
0ea47e63,ESP32_005,PROP_050,38.5,434,False,0,28.574935,77.231698,2026-09-21T00:20:00,ANOMALY
24690d3e,ESP32_004,PROP_014,90.5,814,True,13,28.569767,77.204848,2026-09-16T01:35:00,CONFIRMED_FIRE
ddbb31f2,ESP32_019,PROP_021,87.6,740,True,25,28.638888,77.21416,2026-09-07T17:04:00,CONFIRMED_FIRE
5b68ca2f,ESP32_006,PROP_013,17.4,52,False,0,28.584719,77.229418,2026-09-08T11:08:00,NORMAL
1dd9793a,ESP32_005,PROP_021,29.6,43,False,3,28.613936,77.230504,2026-09-11T23:01:00,NORMAL
7c327b1f,ESP32_012,PROP_035,21.0,14,False,0,28.568422,77.193686,2026-09-07T23:31:00,NORMAL
1773fa76,ESP32_011,PROP_022,87.2,718,True,17,28.580927,77.20024,2026-09-30T20:07:00,CONFIRMED_FIRE
6d9568b1,ESP32_006,PROP_035,84.7,0,False,0,28.577267,77.150338,2026-09-27T07:16:00,ANOMALY
0468b10f,ESP32_013,PROP_047,25.2,94,False,0,28.612659,77.242638,2026-09-24T13:05:00,NORMAL
ae54652b,ESP32_003,PROP_012,21.0,87,False,1,28.606604,77.165865,2026-09-06T00:53:00,NORMAL
8b5ada2b,ESP32_003,PROP_001,81.1,765,False,16,28.571262,77.187475,2026-09-29T04:45:00,CONFIRMED_FIRE
0be0ac0d,ESP32_018,PROP_009,27.7,44,False,1,28.612374,77.163402,2026-09-21T11:44:00,NORMAL
8b07cc3e,ESP32_002,PROP_024,86.7,134,False,0,28.56343,77.243263,2026-09-16T15:59:00,ANOMALY
c01edc60,ESP32_009,PROP_015,71.0,828,False,18,28.58807,77.20385,2026-09-15T19:07:00,CONFIRMED_FIRE
5e3f6fff,ESP32_006,PROP_044,73.3,396,False,3,28.564691,77.205216,2026-09-29T01:11:00,POSSIBLE_FIRE
9c74414d,ESP32_013,PROP_020,85.2,804,True,16,28.589017,77.178414,2026-09-17T21:12:00,CONFIRMED_FIRE
eb2dcb06,ESP32_011,PROP_023,30.6,44,False,1,28.558675,77.210544,2026-09-29T12:53:00,NORMAL
2bd903e8,ESP32_016,PROP_033,25.6,38,False,1,28.600942,77.24967,2026-09-17T04:32:00,NORMAL
6fc5b157,ESP32_007,PROP_014,73.7,227,False,9,28.599475,77.163376,2026-09-17T10:04:00,POSSIBLE_FIRE
0d4ad33b,ESP32_002,PROP_012,30.3,69,False,0,28.583197,77.196534,2026-09-18T10:17:00,NORMAL
cbfa2117,ESP32_011,PROP_027,17.6,137,False,2,28.627843,77.167054,2026-09-26T18:05:00,NORMAL
6a1c2223,ESP32_012,PROP_010,25.6,103,False,1,28.643213,77.227023,2026-09-14T16:53:00,NORMAL
bc5d1376,ESP32_005,PROP_008,27.7,695,False,0,28.635251,77.207983,2026-09-20T00:09:00,ANOMALY
3ba388d7,ESP32_005,PROP_017,29.0,101,False,1,28.622977,77.223546,2026-09-04T12:22:00,NORMAL
614db8f4,ESP32_002,PROP_040,25.0,45,False,0,28.643321,77.17655,2026-09-07T09:41:00,NORMAL
339faffb,ESP32_005,PROP_008,58.6,224,False,7,28.55345,77.178813,2026-09-01T01:46:00,POSSIBLE_FIRE
bcb109ff,ESP32_011,PROP_036,26.9,56,False,0,28.601317,77.199569,2026-09-03T23:51:00,NORMAL
9f869708,ESP32_010,PROP_017,83.4,716,True,27,28.612559,77.155172,2026-09-28T16:17:00,CONFIRMED_FIRE
4cc59079,ESP32_006,PROP_035,24.1,11,False,0,28.598854,77.20242,2026-09-13T17:16:00,NORMAL
df3c79e2,ESP32_010,PROP_039,25.8,80,False,0,28.553701,77.209627,2026-09-25T14:35:00,NORMAL
e7e749a2,ESP32_002,PROP_023,29.4,79,False,0,28.638459,77.239556,2026-09-15T06:46:00,NORMAL
2651a20a,ESP32_013,PROP_023,40.3,429,False,0,28.578885,77.170789,2026-09-10T02:31:00,ANOMALY
36608bfa,ESP32_017,PROP_024,69.9,449,False,4,28.585597,77.17841,2026-09-09T13:00:00,POSSIBLE_FIRE
cb27e18f,ESP32_017,PROP_004,26.3,107,False,3,28.590511,77.150271,2026-09-05T06:10:00,NORMAL
782eb315,ESP32_007,PROP_025,32.1,351,False,0,28.632063,77.169519,2026-09-03T02:19:00,ANOMALY
90392070,ESP32_004,PROP_023,28.7,50,False,0,28.642084,77.23699,2026-09-26T23:50:00,NORMAL
36c38c1a,ESP32_013,PROP_008,20.3,42,False,2,28.617639,77.159227,2026-09-29T06:26:00,NORMAL
bb1269cb,ESP32_006,PROP_049,65.4,0,False,7,28.584068,77.188916,2026-09-10T02:27:00,ANOMALY
743f4b23,ESP32_001,PROP_023,81.6,59,False,0,28.639936,77.166606,2026-09-10T03:47:00,ANOMALY
9de22a95,ESP32_007,PROP_023,26.8,74,False,0,28.646289,77.167558,2026-09-20T19:49:00,NORMAL
83a1547c,ESP32_016,PROP_028,23.8,122,False,2,28.617546,77.1896,2026-09-03T00:07:00,NORMAL
665d7191,ESP32_004,PROP_030,32.2,62,False,0,28.563933,77.210442,2026-09-02T03:58:00,NORMAL
c00819a3,ESP32_012,PROP_048,25.7,23,False,0,28.567424,77.237541,2026-09-14T13:20:00,NORMAL
e13f5134,ESP32_008,PROP_023,25.4,38,False,0,28.642923,77.19051,2026-09-26T07:49:00,NORMAL
2cc571a6,ESP32_010,PROP_043,75.0,291,False,2,28.58985,77.151917,2026-09-20T01:10:00,POSSIBLE_FIRE
b683b1e2,ESP32_012,PROP_032,85.3,316,False,3,28.597789,77.22274,2026-09-09T21:23:00,POSSIBLE_FIRE
162ab819,ESP32_002,PROP_011,24.1,41,False,0,28.615026,77.159042,2026-09-08T08:58:00,NORMAL
34abcebb,ESP32_008,PROP_026,89.6,733,True,12,28.642935,77.183604,2026-09-01T22:13:00,CONFIRMED_FIRE
760b01e3,ESP32_004,PROP_049,83.2,0,False,0,28.623875,77.152959,2026-09-08T20:58:00,ANOMALY
ad801801,ESP32_006,PROP_034,22.5,48,False,0,28.649985,77.150218,2026-09-03T06:45:00,NORMAL
5feb1570,ESP32_017,PROP_023,24.8,55,False,0,28.561989,77.198352,2026-09-02T08:51:00,NORMAL
68b0b7a9,ESP32_017,PROP_026,27.9,64,False,1,28.63689,77.207061,2026-09-21T07:39:00,NORMAL
3572e880,ESP32_006,PROP_011,22.9,44,False,1,28.585348,77.214221,2026-09-29T18:32:00,NORMAL
67856176,ESP32_010,PROP_002,86.7,830,True,20,28.571808,77.189134,2026-09-04T11:43:00,CONFIRMED_FIRE
2914771e,ESP32_017,PROP_047,19.7,45,False,1,28.63716,77.175669,2026-09-27T12:51:00,NORMAL
ded5c331,ESP32_012,PROP_017,27.0,6,False,1,28.643499,77.193054,2026-09-27T22:51:00,NORMAL
240b9043,ESP32_012,PROP_024,36.2,196,False,6,28.588134,77.226519,2026-09-01T18:40:00,ANOMALY
5383c122,ESP32_019,PROP_048,82.4,314,False,7,28.606081,77.172841,2026-09-20T14:14:00,POSSIBLE_FIRE
4adf7691,ESP32_010,PROP_034,27.9,48,False,1,28.57737,77.241182,2026-09-13T00:17:00,NORMAL
16e0cb89,ESP32_008,PROP_010,74.8,495,False,4,28.569837,77.246164,2026-09-25T10:25:00,POSSIBLE_FIRE
3f54167e,ESP32_020,PROP_047,25.8,96,False,0,28.625589,77.19834,2026-09-08T20:14:00,NORMAL
1566d858,ESP32_003,PROP_043,66.3,491,False,13,28.556959,77.165363,2026-09-23T11:12:00,ANOMALY
f4503dd0,ESP32_010,PROP_016,29.0,78,False,0,28.617609,77.1905,2026-09-26T02:25:00,NORMAL
593f0335,ESP32_008,PROP_019,86.9,785,True,26,28.559066,77.216724,2026-09-11T16:54:00,CONFIRMED_FIRE
3e097b50,ESP32_002,PROP_031,74.6,839,True,18,28.579127,77.18724,2026-09-27T14:29:00,CONFIRMED_FIRE
4187a7cb,ESP32_007,PROP_017,29.1,416,False,0,28.572677,77.195588,2026-09-24T05:07:00,ANOMALY
fb692d5b,ESP32_016,PROP_039,67.9,407,False,11,28.591362,77.18733,2026-09-27T10:39:00,ANOMALY
3e439833,ESP32_006,PROP_027,16.4,87,False,0,28.617916,77.213138,2026-09-17T21:27:00,NORMAL
58cd7021,ESP32_003,PROP_020,27.0,83,False,2,28.638709,77.227988,2026-09-09T11:03:00,NORMAL
74627738,ESP32_016,PROP_033,28.2,78,False,0,28.581861,77.240356,2026-09-13T02:13:00,NORMAL
85cd1162,ESP32_001,PROP_039,79.2,622,True,14,28.558119,77.212714,2026-09-12T19:52:00,CONFIRMED_FIRE
4f50757d,ESP32_020,PROP_016,94.0,201,False,0,28.594969,77.211286,2026-09-20T07:00:00,ANOMALY
1cbdc285,ESP32_006,PROP_022,27.6,133,False,1,28.564394,77.209536,2026-09-21T01:30:00,NORMAL
b7916de8,ESP32_004,PROP_045,18.9,46,False,1,28.572009,77.201828,2026-09-04T16:33:00,NORMAL
3c3c6190,ESP32_004,PROP_011,22.3,44,False,1,28.643064,77.217611,2026-09-10T16:25:00,NORMAL
309c9d31,ESP32_004,PROP_020,23.7,65,False,1,28.628565,77.161834,2026-09-24T23:01:00,NORMAL
d205af4a,ESP32_010,PROP_031,69.7,351,False,5,28.637339,77.189499,2026-09-06T12:52:00,POSSIBLE_FIRE
299d6118,ESP32_003,PROP_018,90.5,793,True,20,28.585698,77.201269,2026-09-22T05:09:00,CONFIRMED_FIRE
c306a0ff,ESP32_007,PROP_019,62.8,156,False,12,28.634161,77.163257,2026-09-10T10:10:00,ANOMALY
0a600076,ESP32_003,PROP_039,65.7,468,False,0,28.621616,77.163542,2026-09-11T07:29:00,POSSIBLE_FIRE
cbfe0e3c,ESP32_010,PROP_032,83.3,50,False,7,28.57103,77.163628,2026-09-20T00:05:00,ANOMALY
fd54818b,ESP32_017,PROP_007,23.4,36,False,0,28.609539,77.156708,2026-09-19T15:18:00,NORMAL
819ae411,ESP32_012,PROP_023,64.2,353,False,6,28.554512,77.243344,2026-09-10T03:02:00,POSSIBLE_FIRE
e5940458,ESP32_019,PROP_037,79.6,180,False,4,28.618837,77.179487,2026-09-20T14:04:00,POSSIBLE_FIRE
1f371bbb,ESP32_003,PROP_026,78.5,277,False,7,28.586441,77.1853,2026-09-15T15:27:00,POSSIBLE_FIRE
4250cbc1,ESP32_004,PROP_007,26.4,572,False,4,28.5624,77.242185,2026-09-11T21:27:00,ANOMALY
a5160f66,ESP32_019,PROP_039,21.4,70,False,0,28.567398,77.183748,2026-09-15T23:37:00,NORMAL
ac52957b,ESP32_006,PROP_030,75.6,33,False,6,28.601397,77.22087,2026-09-09T23:05:00,ANOMALY
80fa6a34,ESP32_011,PROP_023,87.6,418,False,6,28.561645,77.209647,2026-09-02T15:28:00,POSSIBLE_FIRE
ab6462f8,ESP32_011,PROP_010,27.3,11,False,2,28.55735,77.166976,2026-09-04T23:24:00,NORMAL
96e45cec,ESP32_002,PROP_013,82.6,364,False,0,28.59963,77.191837,2026-09-22T04:16:00,POSSIBLE_FIRE
dc091a19,ESP32_011,PROP_014,86.5,279,False,15,28.570022,77.161322,2026-09-21T01:27:00,ANOMALY
69c004b8,ESP32_014,PROP_020,62.7,83,False,9,28.550988,77.183809,2026-09-09T14:31:00,ANOMALY
86a1ae18,ESP32_001,PROP_049,24.5,19,False,1,28.607109,77.1509,2026-09-02T04:15:00,NORMAL
4c648733,ESP32_019,PROP_010,28.2,22,False,0,28.580449,77.248295,2026-09-03T18:25:00,NORMAL
40809f7a,ESP32_009,PROP_033,22.2,121,False,1,28.643341,77.222353,2026-09-24T00:52:00,NORMAL
4ad8cc46,ESP32_013,PROP_018,79.8,854,True,20,28.558078,77.188729,2026-09-24T13:39:00,CONFIRMED_FIRE
1647f946,ESP32_003,PROP_022,89.9,760,True,19,28.628578,77.182137,2026-09-03T02:06:00,CONFIRMED_FIRE
33d70036,ESP32_019,PROP_009,68.6,158,False,0,28.63561,77.166742,2026-09-07T10:38:00,ANOMALY
7d0825cd,ESP32_008,PROP_031,79.1,685,True,17,28.579732,77.155856,2026-09-26T19:06:00,CONFIRMED_FIRE
e2f5eebf,ESP32_005,PROP_023,28.3,93,False,2,28.628774,77.178336,2026-09-09T03:06:00,NORMAL
86a526f9,ESP32_011,PROP_038,21.6,64,False,0,28.635793,77.216693,2026-09-07T01:38:00,NORMAL
83eadc56,ESP32_009,PROP_002,65.4,387,True,3,28.619903,77.175291,2026-09-19T15:48:00,POSSIBLE_FIRE
f56d25bd,ESP32_005,PROP_025,71.3,397,False,3,28.622776,77.162146,2026-09-06T03:06:00,POSSIBLE_FIRE
a78fd2e9,ESP32_003,PROP_047,34.2,55,False,0,28.567578,77.164493,2026-09-21T09:41:00,NORMAL
64fcbf6a,ESP32_005,PROP_019,26.1,16,False,2,28.589828,77.150681,2026-09-01T14:53:00,NORMAL
d28f8497,ESP32_016,PROP_015,23.5,71,False,0,28.618343,77.209368,2026-09-17T22:38:00,NORMAL
0bc263b0,ESP32_018,PROP_035,81.8,837,True,17,28.624338,77.231558,2026-09-23T07:51:00,CONFIRMED_FIRE
c04439b4,ESP32_006,PROP_024,24.8,253,False,6,28.55416,77.222148,2026-09-16T02:17:00,ANOMALY
e8c52263,ESP32_002,PROP_019,75.7,167,False,0,28.566641,77.228637,2026-09-05T23:41:00,POSSIBLE_FIRE
6ab670a5,ESP32_011,PROP_022,22.0,0,False,1,28.580985,77.158579,2026-09-25T20:11:00,NORMAL
2d7099c6,ESP32_003,PROP_042,30.1,15,False,0,28.649034,77.150024,2026-09-07T22:36:00,NORMAL
16f3544f,ESP32_018,PROP_039,30.7,79,False,0,28.593811,77.231779,2026-09-30T17:02:00,NORMAL
551f9f14,ESP32_010,PROP_050,86.8,403,False,2,28.627907,77.176063,2026-09-21T04:09:00,POSSIBLE_FIRE
2e64ee87,ESP32_009,PROP_035,27.9,78,False,0,28.617698,77.199724,2026-09-10T22:38:00,NORMAL
e5452e58,ESP32_018,PROP_037,25.2,4,False,0,28.554209,77.151787,2026-09-18T01:17:00,NORMAL
16544293,ESP32_013,PROP_021,26.7,77,False,0,28.594687,77.227798,2026-09-19T03:20:00,NORMAL
6396a242,ESP32_001,PROP_010,34.3,207,False,1,28.584887,77.230474,2026-09-22T20:12:00,ANOMALY
b5e2e4f8,ESP32_013,PROP_001,24.8,58,False,1,28.596906,77.157104,2026-09-29T06:53:00,NORMAL
9e452f99,ESP32_008,PROP_004,26.1,37,False,0,28.596424,77.222274,2026-09-20T06:49:00,NORMAL
517530f5,ESP32_005,PROP_037,25.6,48,False,0,28.645592,77.181397,2026-09-20T06:14:00,NORMAL
22b9a154,ESP32_006,PROP_014,23.2,52,False,3,28.583541,77.245226,2026-09-15T03:50:00,NORMAL
bfcf85aa,ESP32_019,PROP_044,72.0,112,False,5,28.585027,77.195218,2026-09-04T10:03:00,POSSIBLE_FIRE
9bfd4f41,ESP32_020,PROP_013,26.9,34,False,1,28.608881,77.158922,2026-09-28T09:57:00,NORMAL
6b2b04bc,ESP32_016,PROP_005,27.2,43,False,0,28.583422,77.152574,2026-09-16T00:04:00,NORMAL
144f18da,ESP32_015,PROP_016,24.9,41,False,1,28.594845,77.179321,2026-09-17T08:56:00,NORMAL
7e3a888e,ESP32_011,PROP_045,29.5,458,False,6,28.556662,77.201605,2026-09-30T17:29:00,ANOMALY
863089b7,ESP32_014,PROP_006,59.0,530,True,5,28.634741,77.18569,2026-09-28T19:56:00,POSSIBLE_FIRE
29eb5576,ESP32_011,PROP_031,15.1,55,False,0,28.569813,77.15092,2026-09-01T07:07:00,NORMAL
5f3081a6,ESP32_019,PROP_049,28.5,64,False,3,28.597517,77.181726,2026-09-23T22:12:00,NORMAL
f492208b,ESP32_016,PROP_042,74.4,660,True,16,28.598074,77.150296,2026-09-11T21:08:00,CONFIRMED_FIRE
70141166,ESP32_009,PROP_015,30.0,563,False,1,28.616995,77.17578,2026-09-15T21:07:00,ANOMALY
76e02938,ESP32_012,PROP_008,26.4,79,False,1,28.553439,77.240932,2026-09-19T10:11:00,NORMAL
d0ffc6c9,ESP32_007,PROP_050,73.6,252,False,5,28.578151,77.174423,2026-09-11T07:46:00,POSSIBLE_FIRE
8867b660,ESP32_001,PROP_014,29.7,597,False,0,28.552091,77.245153,2026-09-05T07:40:00,ANOMALY
e6b195e5,ESP32_002,PROP_032,31.1,90,False,0,28.632242,77.235756,2026-09-28T14:38:00,NORMAL
936c1bfb,ESP32_003,PROP_048,80.1,871,True,13,28.594036,77.238771,2026-09-19T05:25:00,CONFIRMED_FIRE
a2c20d9f,ESP32_014,PROP_014,86.2,166,False,0,28.583776,77.157165,2026-09-21T09:01:00,ANOMALY
242977dd,ESP32_017,PROP_036,27.8,25,False,0,28.631731,77.24304,2026-09-27T02:23:00,NORMAL
93b7c2a6,ESP32_004,PROP_020,59.3,425,False,4,28.560127,77.237257,2026-09-22T20:17:00,POSSIBLE_FIRE
978c1609,ESP32_015,PROP_003,72.7,345,False,6,28.551007,77.177479,2026-09-29T19:46:00,POSSIBLE_FIRE
81d6aa54,ESP32_020,PROP_042,23.3,67,False,0,28.573921,77.228698,2026-09-02T20:50:00,NORMAL
b1c864c3,ESP32_014,PROP_042,77.5,3,False,0,28.635931,77.163467,2026-09-13T09:28:00,ANOMALY
bed045a5,ESP32_012,PROP_007,28.1,61,False,0,28.56408,77.212241,2026-09-22T16:26:00,NORMAL
daf932a4,ESP32_013,PROP_013,84.6,784,True,9,28.604164,77.188785,2026-09-07T19:00:00,CONFIRMED_FIRE
4a5dcfac,ESP32_010,PROP_043,19.8,94,False,1,28.554606,77.230808,2026-09-04T10:47:00,NORMAL
c8afaa33,ESP32_004,PROP_002,24.9,13,False,3,28.609772,77.229296,2026-09-09T11:21:00,NORMAL
5e286cce,ESP32_008,PROP_043,58.5,281,False,3,28.592711,77.205469,2026-09-16T16:00:00,POSSIBLE_FIRE
9d4758f1,ESP32_004,PROP_033,84.4,954,True,18,28.631923,77.157989,2026-09-06T19:40:00,CONFIRMED_FIRE
73b79d05,ESP32_013,PROP_041,24.0,102,False,1,28.563129,77.180969,2026-09-12T21:43:00,NORMAL
1e3fb893,ESP32_019,PROP_039,23.1,53,False,0,28.593445,77.175368,2026-09-15T17:53:00,NORMAL
e254b101,ESP32_020,PROP_021,73.3,0,False,0,28.628563,77.244191,2026-09-16T11:22:00,ANOMALY
311de0db,ESP32_019,PROP_042,26.4,52,False,0,28.642317,77.170664,2026-09-28T23:28:00,NORMAL
618e67a3,ESP32_010,PROP_041,29.5,110,False,1,28.637155,77.194674,2026-09-30T18:25:00,NORMAL
6137dd5a,ESP32_011,PROP_031,70.6,380,False,5,28.551408,77.150696,2026-09-01T04:04:00,POSSIBLE_FIRE
a2e4e016,ESP32_017,PROP_028,81.0,372,False,6,28.599873,77.245857,2026-09-08T05:06:00,POSSIBLE_FIRE
7e0c5edc,ESP32_011,PROP_038,26.8,32,False,1,28.602321,77.177179,2026-09-24T09:49:00,NORMAL
d7de95aa,ESP32_020,PROP_036,63.7,286,False,4,28.560384,77.162357,2026-09-11T14:55:00,POSSIBLE_FIRE
26382863,ESP32_001,PROP_043,24.3,13,False,0,28.594809,77.19879,2026-09-07T22:09:00,NORMAL
edaffdbb,ESP32_007,PROP_035,21.8,82,False,2,28.629972,77.162323,2026-09-23T21:14:00,NORMAL
4a348a4e,ESP32_013,PROP_002,23.7,46,False,0,28.646521,77.192818,2026-09-01T12:11:00,NORMAL
a2cbb04d,ESP32_015,PROP_035,29.0,11,False,0,28.600692,77.190941,2026-09-10T21:50:00,NORMAL
ff69a1ec,ESP32_003,PROP_019,26.3,47,False,1,28.584867,77.159618,2026-09-07T00:40:00,NORMAL
9ae4dab6,ESP32_003,PROP_009,27.2,71,False,0,28.644619,77.207977,2026-09-30T02:14:00,NORMAL
5b35bb23,ESP32_001,PROP_047,27.8,36,False,2,28.575024,77.204923,2026-09-14T22:16:00,NORMAL
253ab51d,ESP32_010,PROP_001,74.7,199,True,6,28.574756,77.230735,2026-09-23T23:39:00,POSSIBLE_FIRE
1d51ef14,ESP32_020,PROP_004,24.6,33,False,1,28.602715,77.223423,2026-09-23T12:30:00,NORMAL
f63e98b9,ESP32_012,PROP_013,24.4,404,False,3,28.57732,77.190899,2026-09-27T00:42:00,ANOMALY
f03e64e5,ESP32_013,PROP_043,30.0,44,False,2,28.553046,77.170445,2026-09-10T15:18:00,NORMAL
f1fe447b,ESP32_001,PROP_034,85.5,364,False,0,28.583556,77.247602,2026-09-16T09:19:00,POSSIBLE_FIRE
fad06a32,ESP32_014,PROP_045,26.3,40,False,0,28.589332,77.204456,2026-09-25T15:14:00,NORMAL
5c3b9ef6,ESP32_011,PROP_028,25.8,63,False,0,28.571939,77.196435,2026-09-25T06:18:00,NORMAL
2394324a,ESP32_015,PROP_020,80.5,397,True,10,28.557227,77.21907,2026-09-02T21:08:00,POSSIBLE_FIRE
2d43ff21,ESP32_005,PROP_031,65.0,281,False,12,28.570227,77.171393,2026-09-17T04:21:00,POSSIBLE_FIRE
71a1ea98,ESP32_001,PROP_025,26.6,32,False,1,28.632453,77.157424,2026-09-08T19:20:00,NORMAL
f4fe098c,ESP32_009,PROP_036,83.0,262,False,10,28.562331,77.198645,2026-09-11T06:16:00,POSSIBLE_FIRE
499454b0,ESP32_009,PROP_045,21.8,49,False,1,28.594573,77.233612,2026-09-27T15:39:00,NORMAL
9f8e622a,ESP32_003,PROP_008,25.2,90,False,0,28.577062,77.169416,2026-09-26T17:18:00,NORMAL
df04cbfd,ESP32_001,PROP_020,30.0,45,False,1,28.587936,77.210554,2026-09-05T05:56:00,NORMAL
ac85ea3e,ESP32_019,PROP_044,64.7,258,False,7,28.599955,77.16121,2026-09-02T06:16:00,POSSIBLE_FIRE
0ac16924,ESP32_017,PROP_030,29.3,63,False,0,28.585751,77.177743,2026-09-20T01:37:00,NORMAL
03951aff,ESP32_011,PROP_045,89.2,781,True,22,28.636851,77.213942,2026-09-07T02:23:00,CONFIRMED_FIRE
cecee540,ESP32_020,PROP_008,32.9,24,False,2,28.634373,77.193804,2026-09-10T10:00:00,NORMAL
22fe66f7,ESP32_020,PROP_044,36.2,39,False,1,28.551585,77.222992,2026-09-30T08:03:00,NORMAL
4e0eb965,ESP32_003,PROP_024,99.4,846,True,15,28.560049,77.223818,2026-09-20T13:15:00,CONFIRMED_FIRE
ab35f37a,ESP32_012,PROP_010,22.6,22,False,0,28.590424,77.249327,2026-09-11T19:37:00,NORMAL
5b5a3773,ESP32_007,PROP_046,86.1,249,False,2,28.642883,77.209133,2026-09-09T02:17:00,ANOMALY
502b5421,ESP32_004,PROP_011,35.9,70,False,0,28.586965,77.174216,2026-09-26T19:17:00,NORMAL
160d40a8,ESP32_004,PROP_027,28.6,24,False,0,28.625272,77.165861,2026-09-07T06:17:00,NORMAL
8fbe9422,ESP32_019,PROP_009,82.6,854,True,12,28.590431,77.237533,2026-09-30T13:43:00,CONFIRMED_FIRE
46c6d33b,ESP32_013,PROP_017,77.2,794,True,24,28.622611,77.181448,2026-09-28T08:59:00,CONFIRMED_FIRE
cac42236,ESP32_020,PROP_045,26.6,514,False,0,28.584094,77.179708,2026-09-24T15:11:00,ANOMALY
f0162663,ESP32_013,PROP_027,82.8,482,False,10,28.552668,77.151243,2026-09-12T16:00:00,POSSIBLE_FIRE
710684f7,ESP32_019,PROP_012,70.1,244,False,8,28.615542,77.150827,2026-09-23T05:37:00,POSSIBLE_FIRE
c43b8058,ESP32_012,PROP_050,29.7,515,False,0,28.612071,77.238209,2026-09-24T07:33:00,ANOMALY
1c214bab,ESP32_015,PROP_009,20.7,68,False,2,28.593034,77.167066,2026-09-04T18:48:00,NORMAL
7f834879,ESP32_015,PROP_035,79.5,359,False,0,28.629958,77.208062,2026-09-11T17:22:00,POSSIBLE_FIRE
7fc34d8f,ESP32_008,PROP_008,67.1,299,False,9,28.639353,77.188927,2026-09-25T08:11:00,POSSIBLE_FIRE
33f2775c,ESP32_006,PROP_014,29.0,192,False,2,28.60206,77.157371,2026-09-09T01:24:00,ANOMALY
f3303c4b,ESP32_004,PROP_015,24.4,539,False,1,28.644761,77.238227,2026-09-21T13:22:00,ANOMALY
19cf1951,ESP32_003,PROP_022,32.4,33,False,0,28.617714,77.161902,2026-09-12T17:32:00,NORMAL
abefa4f6,ESP32_016,PROP_042,28.2,62,False,0,28.559668,77.195037,2026-09-03T03:23:00,NORMAL
080011a0,ESP32_016,PROP_043,24.1,78,False,0,28.616301,77.204838,2026-09-15T12:56:00,NORMAL
2154a565,ESP32_011,PROP_022,24.2,87,False,3,28.568089,77.229916,2026-09-30T17:53:00,NORMAL
5d763683,ESP32_005,PROP_013,28.2,552,False,1,28.61538,77.159493,2026-09-13T09:13:00,ANOMALY
a44dd3cc,ESP32_006,PROP_028,80.5,0,False,0,28.616503,77.2286,2026-09-11T10:29:00,ANOMALY
682ab508,ESP32_009,PROP_009,21.6,393,False,3,28.620545,77.22542,2026-09-18T00:47:00,ANOMALY
2c1b5465,ESP32_007,PROP_049,28.9,229,False,4,28.55333,77.185865,2026-09-09T13:33:00,ANOMALY
1d2c24fa,ESP32_007,PROP_030,26.0,35,False,0,28.644357,77.237125,2026-09-23T13:19:00,NORMAL
035918fb,ESP32_013,PROP_038,24.4,689,False,2,28.624246,77.158273,2026-09-20T08:10:00,ANOMALY
5aa62324,ESP32_015,PROP_048,70.1,267,False,3,28.641785,77.188707,2026-09-11T22:55:00,POSSIBLE_FIRE
feda1848,ESP32_006,PROP_023,25.5,91,False,0,28.591496,77.223049,2026-09-30T17:52:00,NORMAL
dc9f7792,ESP32_015,PROP_043,21.9,87,False,1,28.598885,77.216686,2026-09-09T09:55:00,NORMAL
1cc41302,ESP32_018,PROP_019,80.7,785,True,16,28.633204,77.180984,2026-09-30T10:18:00,CONFIRMED_FIRE
b6e23529,ESP32_018,PROP_025,68.3,357,True,4,28.635657,77.198209,2026-09-10T04:07:00,POSSIBLE_FIRE
375544f3,ESP32_005,PROP_032,25.9,9,False,1,28.640827,77.173956,2026-09-15T23:16:00,NORMAL
0e4b01b3,ESP32_003,PROP_049,66.7,377,False,4,28.648717,77.181796,2026-09-12T07:32:00,POSSIBLE_FIRE
9d3e48c4,ESP32_015,PROP_008,76.8,0,False,1,28.56331,77.234967,2026-09-22T02:05:00,ANOMALY
378fe2c4,ESP32_009,PROP_004,20.3,66,False,1,28.642606,77.166169,2026-09-18T20:13:00,NORMAL
e4e2dadf,ESP32_009,PROP_012,24.5,88,False,0,28.614803,77.174545,2026-09-05T16:29:00,NORMAL
5a00e0cf,ESP32_013,PROP_019,82.8,873,True,22,28.638544,77.156649,2026-09-02T13:26:00,CONFIRMED_FIRE
30390c4b,ESP32_011,PROP_017,82.3,250,False,2,28.577391,77.169987,2026-09-07T21:45:00,POSSIBLE_FIRE
af5e395c,ESP32_006,PROP_011,31.0,859,False,1,28.56122,77.249057,2026-09-15T20:23:00,ANOMALY
72e4ae23,ESP32_011,PROP_003,77.7,341,False,3,28.644704,77.200487,2026-09-19T18:18:00,POSSIBLE_FIRE
dc1ef850,ESP32_015,PROP_015,33.3,400,False,4,28.614415,77.189752,2026-09-02T16:50:00,ANOMALY
40c88161,ESP32_002,PROP_042,25.4,3,False,1,28.574223,77.197826,2026-09-28T05:53:00,NORMAL
d0968eb7,ESP32_006,PROP_045,30.4,66,False,0,28.557714,77.18062,2026-09-15T23:46:00,NORMAL
bdaa498b,ESP32_002,PROP_023,92.1,786,True,18,28.617277,77.242457,2026-09-08T16:35:00,CONFIRMED_FIRE
af392ebf,ESP32_012,PROP_041,24.5,43,False,0,28.552204,77.222001,2026-09-18T16:30:00,NORMAL
4a9afbc1,ESP32_015,PROP_033,29.5,52,False,1,28.569524,77.222245,2026-09-26T23:30:00,NORMAL
00f67680,ESP32_020,PROP_029,90.3,210,False,14,28.572476,77.211305,2026-09-07T11:27:00,ANOMALY
247055cf,ESP32_001,PROP_018,27.2,62,False,0,28.562039,77.243853,2026-09-02T06:14:00,NORMAL
398f7e37,ESP32_017,PROP_009,61.5,108,False,0,28.575631,77.247351,2026-09-16T09:56:00,ANOMALY
5b6e671d,ESP32_002,PROP_036,85.0,760,False,12,28.628172,77.151542,2026-09-17T11:29:00,CONFIRMED_FIRE
102c4276,ESP32_004,PROP_046,26.9,85,False,0,28.625411,77.151795,2026-09-08T15:03:00,NORMAL
45e54daa,ESP32_016,PROP_021,32.6,73,False,1,28.597347,77.16732,2026-09-26T20:20:00,NORMAL
2d727734,ESP32_020,PROP_019,18.7,92,False,0,28.616147,77.240327,2026-09-17T16:03:00,NORMAL
a12313d7,ESP32_010,PROP_049,79.0,387,True,3,28.590717,77.173227,2026-09-20T09:56:00,POSSIBLE_FIRE
b9587965,ESP32_013,PROP_015,84.2,749,True,27,28.554949,77.238923,2026-09-20T20:42:00,CONFIRMED_FIRE
272cb189,ESP32_013,PROP_028,19.0,5,False,1,28.627151,77.21519,2026-09-14T07:43:00,NORMAL
79f4a5f9,ESP32_001,PROP_038,86.9,201,False,0,28.581701,77.171348,2026-09-02T17:23:00,ANOMALY
e2f629a9,ESP32_008,PROP_046,35.4,508,False,0,28.629868,77.154645,2026-09-09T02:15:00,ANOMALY
199c3b17,ESP32_003,PROP_012,29.4,61,False,2,28.567081,77.169769,2026-09-01T12:49:00,NORMAL
b27155e4,ESP32_011,PROP_019,36.2,565,False,4,28.603466,77.152019,2026-09-05T22:01:00,ANOMALY
5af40dea,ESP32_019,PROP_041,21.6,27,False,1,28.62807,77.24102,2026-09-17T19:27:00,NORMAL
c2ac1c64,ESP32_017,PROP_021,84.5,452,False,15,28.643415,77.171301,2026-09-15T16:21:00,ANOMALY
ae5824fb,ESP32_019,PROP_036,80.3,842,True,26,28.636362,77.187152,2026-09-18T20:47:00,CONFIRMED_FIRE
3687a00b,ESP32_002,PROP_011,61.6,346,False,3,28.565311,77.176927,2026-09-27T08:10:00,POSSIBLE_FIRE
0f5fda5b,ESP32_014,PROP_015,89.9,854,True,18,28.59272,77.209153,2026-09-29T05:47:00,CONFIRMED_FIRE
cad6e959,ESP32_010,PROP_010,87.8,737,True,19,28.593137,77.194597,2026-09-12T11:24:00,CONFIRMED_FIRE
16453550,ESP32_020,PROP_017,92.3,827,True,22,28.618811,77.152116,2026-09-16T14:08:00,CONFIRMED_FIRE
3a0456e5,ESP32_010,PROP_018,88.6,71,False,0,28.573277,77.242359,2026-09-16T12:00:00,ANOMALY
61a7ac7c,ESP32_004,PROP_042,30.4,43,False,0,28.582471,77.248145,2026-09-27T17:00:00,NORMAL
66d814be,ESP32_014,PROP_048,26.8,52,False,1,28.615123,77.160659,2026-09-26T00:59:00,NORMAL
29ab99d7,ESP32_015,PROP_041,72.0,339,False,5,28.598804,77.165482,2026-09-17T01:26:00,POSSIBLE_FIRE
a3aa2729,ESP32_012,PROP_019,58.5,339,False,8,28.595881,77.248364,2026-09-13T02:02:00,POSSIBLE_FIRE
e4964227,ESP32_011,PROP_016,28.8,38,False,1,28.640091,77.217419,2026-09-23T19:19:00,NORMAL
f9aa6cb3,ESP32_008,PROP_048,88.0,167,False,11,28.637228,77.191784,2026-09-09T17:12:00,ANOMALY
66994202,ESP32_018,PROP_018,24.5,9,False,0,28.648444,77.179775,2026-09-11T09:21:00,NORMAL
a45dfd26,ESP32_014,PROP_017,83.9,333,False,6,28.562703,77.155854,2026-09-27T08:01:00,POSSIBLE_FIRE
53022148,ESP32_002,PROP_035,29.1,0,False,0,28.615674,77.182519,2026-09-16T05:27:00,NORMAL
46e8c5d1,ESP32_015,PROP_023,78.7,7,False,8,28.595526,77.203341,2026-09-18T21:17:00,ANOMALY
7e3817b0,ESP32_009,PROP_030,30.6,70,False,0,28.575619,77.172065,2026-09-09T04:12:00,NORMAL
59000e11,ESP32_019,PROP_050,68.7,445,False,7,28.602127,77.16721,2026-09-19T04:02:00,POSSIBLE_FIRE
f629e568,ESP32_003,PROP_017,82.0,840,True,14,28.592716,77.160193,2026-09-06T00:22:00,CONFIRMED_FIRE
e9a3e6ab,ESP32_002,PROP_012,27.6,333,False,3,28.634344,77.173495,2026-09-28T00:31:00,ANOMALY
2a59390f,ESP32_013,PROP_034,25.8,65,False,0,28.577231,77.151839,2026-09-23T03:29:00,NORMAL
3d10f3e2,ESP32_012,PROP_015,93.5,864,True,21,28.561048,77.232949,2026-09-27T08:01:00,CONFIRMED_FIRE
64dbc682,ESP32_012,PROP_046,91.4,747,True,10,28.594054,77.201945,2026-09-09T10:02:00,CONFIRMED_FIRE
9b998e74,ESP32_012,PROP_030,28.2,0,False,1,28.646671,77.219717,2026-09-05T20:37:00,NORMAL
72352c22,ESP32_007,PROP_020,35.0,364,False,2,28.600407,77.202669,2026-09-03T09:59:00,ANOMALY
dda6ab09,ESP32_012,PROP_030,67.3,346,False,3,28.588419,77.193233,2026-09-26T21:45:00,POSSIBLE_FIRE
20fe735b,ESP32_003,PROP_016,26.1,103,False,1,28.62371,77.241525,2026-09-24T16:41:00,NORMAL
d24b3372,ESP32_006,PROP_045,28.5,66,False,0,28.593717,77.159739,2026-09-21T04:12:00,NORMAL
7602a2b7,ESP32_020,PROP_025,26.9,95,False,1,28.552524,77.175265,2026-09-27T02:28:00,NORMAL
ccda5d55,ESP32_002,PROP_027,58.1,126,False,0,28.5633,77.166346,2026-09-11T16:36:00,ANOMALY
e721d25d,ESP32_015,PROP_023,30.7,71,False,0,28.63407,77.22328,2026-09-03T14:34:00,NORMAL
a87a4e8b,ESP32_018,PROP_009,74.7,0,False,5,28.568965,77.172812,2026-09-15T22:20:00,ANOMALY
be0e733f,ESP32_017,PROP_018,82.4,259,False,4,28.556309,77.160786,2026-09-27T12:23:00,POSSIBLE_FIRE
7d46da43,ESP32_016,PROP_028,33.9,468,False,2,28.557118,77.20577,2026-09-09T00:06:00,ANOMALY
95475e2a,ESP32_005,PROP_042,18.5,18,False,1,28.585847,77.161587,2026-09-16T17:42:00,NORMAL
64fcd295,ESP32_014,PROP_010,77.0,511,False,10,28.627661,77.205222,2026-09-27T10:01:00,POSSIBLE_FIRE
77493913,ESP32_002,PROP_033,34.0,244,False,1,28.55566,77.233319,2026-09-06T04:42:00,ANOMALY
bf2014cc,ESP32_012,PROP_018,66.5,366,True,2,28.554409,77.189399,2026-09-18T20:05:00,POSSIBLE_FIRE
40112111,ESP32_001,PROP_047,28.2,132,False,0,28.571032,77.226536,2026-09-16T04:49:00,NORMAL
37f92b63,ESP32_017,PROP_008,17.7,88,False,3,28.553672,77.160803,2026-09-27T00:25:00,NORMAL
2ba02252,ESP32_007,PROP_026,91.7,656,True,4,28.619188,77.216306,2026-09-15T18:20:00,CONFIRMED_FIRE
cd10168f,ESP32_012,PROP_007,25.5,62,False,0,28.647973,77.176828,2026-09-25T23:13:00,NORMAL
f6b947cf,ESP32_004,PROP_045,38.7,471,False,0,28.551988,77.204122,2026-09-11T07:27:00,ANOMALY
c54d1242,ESP32_003,PROP_028,21.7,50,False,0,28.63965,77.248268,2026-09-02T09:15:00,NORMAL
77cba8ec,ESP32_007,PROP_001,89.2,79,False,0,28.55499,77.205587,2026-09-20T04:55:00,ANOMALY
10d2439f,ESP32_008,PROP_005,26.2,85,False,2,28.562525,77.215551,2026-09-07T13:52:00,NORMAL
f968374a,ESP32_018,PROP_035,28.0,59,False,3,28.639006,77.15843,2026-09-21T03:58:00,NORMAL
ae018761,ESP32_004,PROP_010,68.3,0,False,0,28.568279,77.245084,2026-09-30T02:07:00,ANOMALY
0661c30d,ESP32_011,PROP_018,26.6,29,False,1,28.59039,77.157761,2026-09-25T05:28:00,NORMAL
b5813738,ESP32_016,PROP_047,80.1,728,False,22,28.638075,77.225766,2026-09-28T08:14:00,CONFIRMED_FIRE
af02978c,ESP32_002,PROP_050,85.2,827,True,19,28.579609,77.200158,2026-09-02T16:13:00,CONFIRMED_FIRE
7d63d6a0,ESP32_008,PROP_036,20.9,13,False,0,28.640903,77.167968,2026-09-30T02:19:00,NORMAL
30e05b48,ESP32_014,PROP_012,31.6,19,False,1,28.585862,77.241134,2026-09-24T04:07:00,NORMAL
92811f0e,ESP32_010,PROP_032,23.6,0,False,1,28.644075,77.167478,2026-09-10T02:20:00,NORMAL
a6dfbbbf,ESP32_007,PROP_025,22.7,251,False,4,28.582465,77.181904,2026-09-12T04:02:00,ANOMALY
7fa6587b,ESP32_016,PROP_009,29.3,431,False,3,28.644182,77.215556,2026-09-20T14:50:00,ANOMALY
31153707,ESP32_012,PROP_033,30.4,72,False,1,28.593086,77.181219,2026-09-27T22:02:00,NORMAL
eb8e2f66,ESP32_014,PROP_016,77.8,409,True,11,28.554927,77.235244,2026-09-01T04:15:00,POSSIBLE_FIRE
32c10a66,ESP32_019,PROP_010,28.8,25,False,0,28.570229,77.188671,2026-09-09T04:21:00,NORMAL
db15ad63,ESP32_005,PROP_019,21.1,497,False,2,28.585315,77.195873,2026-09-14T11:59:00,ANOMALY
021306a3,ESP32_013,PROP_026,69.1,411,False,0,28.644126,77.209912,2026-09-01T00:26:00,POSSIBLE_FIRE
83ae9193,ESP32_019,PROP_044,23.4,45,False,0,28.605536,77.22192,2026-09-01T11:01:00,NORMAL
ed186403,ESP32_009,PROP_020,36.1,647,False,5,28.592562,77.172147,2026-09-25T11:28:00,ANOMALY
92de4193,ESP32_014,PROP_032,27.5,54,False,0,28.629773,77.186739,2026-09-06T00:43:00,NORMAL
7a717c71,ESP32_015,PROP_003,56.5,111,False,5,28.634736,77.150954,2026-09-23T15:19:00,POSSIBLE_FIRE
301ba1d1,ESP32_009,PROP_006,77.9,207,False,4,28.602518,77.233474,2026-09-20T18:42:00,ANOMALY
a1ca762a,ESP32_018,PROP_012,32.8,74,True,0,28.557863,77.183091,2026-09-23T13:03:00,NORMAL
25cab9e0,ESP32_005,PROP_016,88.3,707,True,12,28.571554,77.191965,2026-09-10T17:32:00,CONFIRMED_FIRE
f54865d1,ESP32_003,PROP_005,28.9,95,False,1,28.601446,77.158506,2026-09-29T03:42:00,NORMAL
53d8e532,ESP32_005,PROP_025,80.5,884,True,13,28.58399,77.239995,2026-09-03T11:05:00,CONFIRMED_FIRE
a22eda48,ESP32_020,PROP_018,25.3,37,False,0,28.614097,77.232248,2026-09-07T05:44:00,NORMAL
ebda5942,ESP32_009,PROP_018,83.8,283,False,4,28.554654,77.150434,2026-09-09T10:01:00,POSSIBLE_FIRE
71c60b24,ESP32_012,PROP_030,91.9,686,True,19,28.618989,77.24061,2026-09-14T08:30:00,CONFIRMED_FIRE
5357509c,ESP32_006,PROP_004,24.3,19,False,0,28.637159,77.191835,2026-09-17T08:24:00,NORMAL
5c46af6c,ESP32_006,PROP_009,23.1,70,False,1,28.643621,77.155197,2026-09-19T01:35:00,NORMAL
24eaf808,ESP32_008,PROP_033,22.8,117,False,0,28.635776,77.19741,2026-09-05T18:03:00,NORMAL
ab512665,ESP32_005,PROP_027,23.3,367,False,3,28.624161,77.219343,2026-09-03T23:58:00,ANOMALY
21d7c6e1,ESP32_017,PROP_041,73.0,616,False,5,28.60735,77.235363,2026-09-12T11:08:00,POSSIBLE_FIRE
488cac81,ESP32_001,PROP_010,16.9,94,False,0,28.643032,77.175306,2026-09-18T14:44:00,NORMAL
767a4d41,ESP32_011,PROP_029,30.2,83,False,0,28.591096,77.214784,2026-09-16T22:03:00,NORMAL
f01ae589,ESP32_010,PROP_042,30.0,118,False,0,28.613254,77.214447,2026-09-13T05:31:00,NORMAL
4e0b4d91,ESP32_009,PROP_035,26.6,55,False,0,28.59577,77.170888,2026-09-27T23:41:00,NORMAL
8f283075,ESP32_007,PROP_033,68.5,77,False,0,28.569934,77.232239,2026-09-22T16:30:00,ANOMALY
e669a6fd,ESP32_014,PROP_031,24.0,70,False,2,28.590278,77.247024,2026-09-02T04:15:00,NORMAL
53f8aaed,ESP32_017,PROP_024,28.2,41,False,2,28.639744,77.196338,2026-09-06T01:27:00,NORMAL
b6e52d88,ESP32_009,PROP_047,81.8,785,True,20,28.606695,77.189821,2026-09-21T23:42:00,CONFIRMED_FIRE
ca220958,ESP32_009,PROP_041,23.3,81,False,0,28.645983,77.197826,2026-09-05T19:10:00,NORMAL
4edcf675,ESP32_020,PROP_015,87.2,732,True,13,28.587499,77.206556,2026-09-26T16:32:00,CONFIRMED_FIRE
e03abffc,ESP32_018,PROP_032,29.4,56,False,1,28.557834,77.157257,2026-09-20T03:48:00,NORMAL
97d4d898,ESP32_009,PROP_016,30.2,34,False,1,28.573951,77.229458,2026-09-07T20:45:00,NORMAL
d15a3d30,ESP32_010,PROP_009,89.6,723,True,32,28.581085,77.245366,2026-09-23T18:26:00,CONFIRMED_FIRE
0fb72be7,ESP32_015,PROP_009,80.2,2,False,0,28.553472,77.219062,2026-09-11T10:03:00,ANOMALY
386dc87d,ESP32_004,PROP_001,76.3,168,False,21,28.634311,77.151061,2026-09-26T14:57:00,ANOMALY
79ebcacb,ESP32_006,PROP_026,78.3,324,True,8,28.62694,77.165671,2026-09-04T09:10:00,POSSIBLE_FIRE
b325a3d7,ESP32_015,PROP_021,81.5,576,True,17,28.563617,77.175037,2026-09-22T08:20:00,CONFIRMED_FIRE
dbc3120c,ESP32_005,PROP_021,30.2,65,False,2,28.648112,77.214951,2026-09-04T15:12:00,NORMAL
56e17431,ESP32_015,PROP_017,89.1,162,False,0,28.647798,77.220385,2026-09-02T09:02:00,ANOMALY
b4e83ea4,ESP32_008,PROP_043,24.8,95,False,0,28.648633,77.201261,2026-09-14T20:57:00,NORMAL
74d9c909,ESP32_020,PROP_049,22.6,42,False,0,28.593518,77.243735,2026-09-19T04:41:00,NORMAL
0ffbb724,ESP32_018,PROP_009,22.9,79,False,0,28.577143,77.15037,2026-09-28T19:29:00,NORMAL
47bc2902,ESP32_006,PROP_002,27.3,45,False,1,28.568182,77.16834,2026-09-14T17:29:00,NORMAL
890f5c0b,ESP32_009,PROP_045,26.2,60,False,2,28.616992,77.154417,2026-09-21T15:11:00,NORMAL
fe18b6b2,ESP32_012,PROP_029,20.5,62,False,0,28.644088,77.217086,2026-09-12T12:48:00,NORMAL
92b52e1a,ESP32_004,PROP_010,30.2,557,False,0,28.63055,77.223108,2026-09-10T21:24:00,ANOMALY
dcef7471,ESP32_011,PROP_043,73.3,379,False,7,28.604203,77.241904,2026-09-22T11:16:00,POSSIBLE_FIRE
d1b60ae5,ESP32_017,PROP_049,28.6,643,False,1,28.648095,77.21451,2026-09-17T20:08:00,ANOMALY
157b7ba3,ESP32_004,PROP_008,82.1,849,True,19,28.565837,77.155204,2026-09-25T05:32:00,CONFIRMED_FIRE
01a6742a,ESP32_020,PROP_036,84.0,691,True,12,28.559565,77.166486,2026-09-03T23:58:00,CONFIRMED_FIRE
f7ee5a27,ESP32_011,PROP_050,25.9,456,False,2,28.583811,77.160735,2026-09-04T17:52:00,ANOMALY
7c50da68,ESP32_007,PROP_039,84.5,621,True,21,28.621511,77.213955,2026-09-29T01:50:00,CONFIRMED_FIRE
b0a900f4,ESP32_009,PROP_002,63.3,602,False,15,28.565103,77.181144,2026-09-07T19:16:00,ANOMALY
dbfa174b,ESP32_016,PROP_006,22.4,55,False,0,28.628162,77.181371,2026-09-29T14:38:00,NORMAL
97a3a8b3,ESP32_002,PROP_044,29.4,357,False,0,28.61428,77.201974,2026-09-11T17:17:00,ANOMALY
e8bbda93,ESP32_020,PROP_023,64.7,302,False,3,28.635121,77.218093,2026-09-11T02:37:00,POSSIBLE_FIRE
97aab4c7,ESP32_013,PROP_035,85.5,872,True,21,28.610424,77.231675,2026-09-09T06:05:00,CONFIRMED_FIRE
e32302c3,ESP32_010,PROP_031,89.4,142,False,23,28.569248,77.176426,2026-09-29T19:55:00,ANOMALY
0a220e04,ESP32_015,PROP_030,90.5,784,True,16,28.568902,77.169189,2026-09-14T06:36:00,CONFIRMED_FIRE
eec2f4ce,ESP32_012,PROP_036,24.1,77,False,0,28.558067,77.217235,2026-09-09T19:06:00,NORMAL
62e7f42b,ESP32_001,PROP_043,35.1,501,False,0,28.634245,77.17504,2026-09-05T04:23:00,ANOMALY
b5f7f83a,ESP32_008,PROP_032,92.0,820,True,13,28.569973,77.244728,2026-09-21T12:01:00,CONFIRMED_FIRE
aa3e4ff6,ESP32_009,PROP_040,21.7,666,False,4,28.592689,77.188677,2026-09-15T16:59:00,ANOMALY
5bbb7c88,ESP32_001,PROP_017,19.7,14,False,1,28.564818,77.217955,2026-09-19T10:16:00,NORMAL
a8ea11d1,ESP32_003,PROP_026,26.0,109,False,0,28.613493,77.235893,2026-09-12T22:34:00,NORMAL
f2242f78,ESP32_001,PROP_007,76.5,983,True,9,28.638407,77.15839,2026-09-19T08:15:00,CONFIRMED_FIRE
8f6adc90,ESP32_015,PROP_028,82.1,874,True,17,28.55469,77.244775,2026-09-13T10:06:00,CONFIRMED_FIRE
65e4fcf3,ESP32_018,PROP_028,25.7,12,False,0,28.63008,77.213212,2026-09-12T21:27:00,NORMAL
503f9400,ESP32_002,PROP_048,82.3,876,True,18,28.624374,77.202806,2026-09-09T22:24:00,CONFIRMED_FIRE
7a48d88d,ESP32_017,PROP_043,84.9,828,True,27,28.582391,77.201409,2026-09-04T03:33:00,CONFIRMED_FIRE
9804acc5,ESP32_016,PROP_039,66.3,296,False,3,28.551961,77.217137,2026-09-10T08:30:00,POSSIBLE_FIRE
9bbab6b5,ESP32_014,PROP_033,29.7,62,False,0,28.604136,77.178406,2026-09-27T00:26:00,NORMAL
5764f37c,ESP32_010,PROP_035,23.2,80,False,0,28.647609,77.172228,2026-09-20T21:27:00,NORMAL
06588fff,ESP32_013,PROP_033,91.4,806,True,13,28.615206,77.163466,2026-09-23T14:28:00,CONFIRMED_FIRE
af09d036,ESP32_011,PROP_027,89.7,551,True,23,28.608602,77.22786,2026-09-13T09:32:00,CONFIRMED_FIRE
86af582c,ESP32_009,PROP_022,90.4,956,True,13,28.641467,77.207511,2026-09-07T13:25:00,CONFIRMED_FIRE
c489b318,ESP32_005,PROP_030,90.0,843,True,29,28.626139,77.248798,2026-09-20T22:22:00,CONFIRMED_FIRE
6cd96b34,ESP32_016,PROP_022,71.2,0,False,9,28.638388,77.150521,2026-09-23T09:51:00,ANOMALY
3b3d929c,ESP32_001,PROP_025,86.1,883,True,19,28.587684,77.23958,2026-09-28T10:12:00,CONFIRMED_FIRE
7af9fc26,ESP32_012,PROP_034,86.2,664,True,15,28.614904,77.238281,2026-09-07T14:35:00,CONFIRMED_FIRE
0971c45c,ESP32_012,PROP_034,90.9,622,True,23,28.638879,77.182795,2026-09-10T20:15:00,CONFIRMED_FIRE
f23541a7,ESP32_019,PROP_035,71.2,0,False,0,28.570629,77.163595,2026-09-02T16:21:00,ANOMALY
e95b4ffb,ESP32_018,PROP_021,92.3,716,True,20,28.570908,77.195316,2026-09-28T23:20:00,CONFIRMED_FIRE
73098b8e,ESP32_020,PROP_016,82.3,384,False,3,28.64312,77.218573,2026-09-08T21:17:00,ANOMALY
447eca68,ESP32_017,PROP_029,66.3,503,False,10,28.614771,77.173141,2026-09-01T17:26:00,ANOMALY
566a494d,ESP32_020,PROP_018,25.4,153,False,0,28.605469,77.162584,2026-09-02T06:58:00,ANOMALY
921a5926,ESP32_018,PROP_026,25.8,21,False,0,28.605413,77.202715,2026-09-05T04:38:00,NORMAL
76d8e039,ESP32_003,PROP_026,29.4,64,False,2,28.587832,77.15884,2026-09-05T04:41:00,NORMAL
41ac7891,ESP32_015,PROP_003,69.7,68,False,7,28.554182,77.212389,2026-09-28T01:33:00,POSSIBLE_FIRE
0b103a09,ESP32_013,PROP_016,64.2,164,False,0,28.606267,77.15833,2026-09-09T11:22:00,ANOMALY
ddf22648,ESP32_014,PROP_006,29.6,82,False,0,28.599725,77.167842,2026-09-03T03:29:00,NORMAL
521bb8d4,ESP32_011,PROP_031,29.5,53,False,0,28.636529,77.210285,2026-09-09T22:46:00,NORMAL
e01e6b02,ESP32_016,PROP_031,18.0,79,False,0,28.552101,77.153443,2026-09-29T08:43:00,NORMAL
816e13ef,ESP32_006,PROP_028,63.9,289,False,13,28.606546,77.221551,2026-09-28T00:06:00,POSSIBLE_FIRE
afe88cb5,ESP32_001,PROP_049,88.6,713,True,18,28.642173,77.243296,2026-09-04T09:41:00,CONFIRMED_FIRE
d3c0453d,ESP32_016,PROP_020,59.2,213,False,2,28.646229,77.21536,2026-09-28T09:03:00,POSSIBLE_FIRE
f43ff70a,ESP32_003,PROP_037,30.0,111,False,2,28.632025,77.214875,2026-09-28T10:56:00,NORMAL
ab2e53f0,ESP32_016,PROP_033,75.6,331,False,6,28.594086,77.213424,2026-09-07T22:22:00,POSSIBLE_FIRE
413fcded,ESP32_001,PROP_016,29.2,73,False,1,28.648126,77.188162,2026-09-29T09:00:00,NORMAL
919bd6ea,ESP32_008,PROP_001,75.9,335,False,7,28.567704,77.2134,2026-09-06T10:16:00,POSSIBLE_FIRE
bfdee74b,ESP32_019,PROP_001,24.5,99,False,0,28.585553,77.230886,2026-09-25T23:29:00,NORMAL
4ab6080c,ESP32_010,PROP_010,85.7,288,False,7,28.555718,77.209696,2026-09-02T15:40:00,ANOMALY
6daf6eef,ESP32_017,PROP_037,100.0,736,True,9,28.649585,77.167861,2026-09-06T15:09:00,CONFIRMED_FIRE
9621ea55,ESP32_018,PROP_003,23.3,47,False,0,28.568928,77.195933,2026-09-24T01:09:00,NORMAL
7991d16b,ESP32_018,PROP_030,23.7,101,False,0,28.605964,77.165524,2026-09-09T13:42:00,NORMAL
4c1d573b,ESP32_002,PROP_009,77.4,364,True,3,28.622089,77.222847,2026-09-22T00:36:00,POSSIBLE_FIRE
39a0263e,ESP32_008,PROP_036,26.0,17,False,1,28.558497,77.193625,2026-09-10T13:09:00,NORMAL
82c1d92f,ESP32_005,PROP_001,84.8,908,True,23,28.568527,77.246434,2026-09-10T17:22:00,CONFIRMED_FIRE
fcd5e0d8,ESP32_011,PROP_015,21.6,81,False,0,28.576308,77.222439,2026-09-07T18:57:00,NORMAL
197a8a53,ESP32_010,PROP_001,26.9,42,False,0,28.562862,77.194578,2026-09-04T16:03:00,NORMAL
f1e2db7b,ESP32_015,PROP_031,75.6,75,False,0,28.603201,77.191094,2026-09-09T15:00:00,ANOMALY
1e41c8ef,ESP32_010,PROP_025,78.5,718,False,13,28.571345,77.203643,2026-09-14T23:56:00,CONFIRMED_FIRE
55be0229,ESP32_002,PROP_034,25.2,66,False,1,28.61274,77.175955,2026-09-07T06:46:00,NORMAL
94f544b6,ESP32_009,PROP_031,21.7,667,False,4,28.570492,77.239471,2026-09-07T13:34:00,ANOMALY
681d9c7e,ESP32_009,PROP_003,65.6,404,False,1,28.55583,77.249842,2026-09-21T08:03:00,POSSIBLE_FIRE
69ce4dab,ESP32_011,PROP_022,30.9,55,False,1,28.625319,77.176933,2026-09-17T05:47:00,NORMAL
fd70baf9,ESP32_012,PROP_049,28.3,64,False,0,28.616931,77.239189,2026-09-18T17:00:00,NORMAL
3ffabfe5,ESP32_019,PROP_026,23.4,70,False,2,28.598199,77.157046,2026-09-20T04:32:00,NORMAL
b67f0972,ESP32_018,PROP_044,25.1,101,False,0,28.63444,77.173922,2026-09-21T10:14:00,NORMAL
662b42f0,ESP32_010,PROP_034,21.5,3,False,0,28.595843,77.222501,2026-09-24T05:35:00,NORMAL
338416d5,ESP32_002,PROP_008,28.1,62,False,1,28.578491,77.197828,2026-09-10T09:41:00,NORMAL
8a525812,ESP32_001,PROP_034,86.3,226,False,5,28.627314,77.159994,2026-09-29T02:47:00,ANOMALY
a37bbda8,ESP32_002,PROP_011,77.2,781,True,22,28.582398,77.217888,2026-09-06T19:42:00,CONFIRMED_FIRE
f60df35f,ESP32_015,PROP_030,82.1,363,False,6,28.582722,77.17422,2026-09-17T18:26:00,POSSIBLE_FIRE
1a6a0189,ESP32_018,PROP_050,22.2,86,False,0,28.56461,77.2323,2026-09-01T11:59:00,NORMAL
4f326d39,ESP32_004,PROP_050,81.4,152,False,0,28.578545,77.211505,2026-09-05T07:30:00,ANOMALY
ec8cd05c,ESP32_010,PROP_042,25.2,6,False,1,28.621446,77.194463,2026-09-29T03:22:00,NORMAL
fcc50d1b,ESP32_017,PROP_034,81.3,387,False,2,28.5806,77.242721,2026-09-27T07:28:00,POSSIBLE_FIRE
700bd767,ESP32_004,PROP_010,33.9,490,False,1,28.633249,77.238058,2026-09-14T20:34:00,ANOMALY
868df2fd,ESP32_017,PROP_029,29.3,52,False,0,28.570118,77.158006,2026-09-16T15:38:00,NORMAL
9bf73b1f,ESP32_019,PROP_011,25.1,40,False,1,28.597132,77.24811,2026-09-20T15:35:00,NORMAL
84760a4c,ESP32_011,PROP_016,24.6,53,False,1,28.589718,77.216809,2026-09-15T20:29:00,NORMAL
664bec3a,ESP32_011,PROP_005,32.2,49,False,1,28.62147,77.24377,2026-09-24T10:34:00,NORMAL
2b34287e,ESP32_004,PROP_050,77.0,29,False,16,28.638633,77.174867,2026-09-24T19:41:00,ANOMALY
1a1ce838,ESP32_002,PROP_018,27.7,100,True,1,28.601292,77.220408,2026-09-20T22:04:00,NORMAL
049b65dd,ESP32_006,PROP_006,33.2,15,False,0,28.552395,77.208483,2026-09-21T17:43:00,NORMAL
8948e9af,ESP32_013,PROP_042,67.9,260,False,3,28.593778,77.152163,2026-09-30T04:00:00,POSSIBLE_FIRE
b8cc5e13,ESP32_018,PROP_001,78.0,359,False,2,28.578821,77.166031,2026-09-19T07:58:00,POSSIBLE_FIRE
2a6362de,ESP32_009,PROP_029,68.2,413,False,6,28.555169,77.165854,2026-09-30T15:27:00,POSSIBLE_FIRE
72a08364,ESP32_005,PROP_025,23.9,33,False,2,28.630483,77.186899,2026-09-15T05:00:00,NORMAL
ce1f9f41,ESP32_007,PROP_028,22.8,98,False,2,28.585484,77.191213,2026-09-29T23:32:00,NORMAL
02ab52a9,ESP32_011,PROP_027,28.6,89,False,1,28.636805,77.246324,2026-09-20T12:07:00,NORMAL
8afa27e8,ESP32_017,PROP_033,62.8,281,False,0,28.584171,77.21837,2026-09-04T05:23:00,POSSIBLE_FIRE
bfb8b070,ESP32_010,PROP_043,34.5,1,False,1,28.569579,77.156936,2026-09-27T17:34:00,NORMAL
8d4143a9,ESP32_011,PROP_042,72.1,348,False,1,28.571046,77.181825,2026-09-10T07:55:00,POSSIBLE_FIRE
5cee734f,ESP32_001,PROP_042,24.6,75,False,1,28.599781,77.160547,2026-09-19T07:50:00,NORMAL
b95142f4,ESP32_019,PROP_011,36.2,730,False,0,28.615356,77.215557,2026-09-17T05:31:00,ANOMALY
a9bb99b6,ESP32_005,PROP_022,28.7,80,False,0,28.553368,77.237919,2026-09-12T03:14:00,NORMAL
4591695c,ESP32_017,PROP_015,23.2,106,False,0,28.560275,77.168904,2026-09-23T03:37:00,NORMAL
b72c03ae,ESP32_020,PROP_049,23.5,50,False,1,28.632249,77.167334,2026-09-25T04:12:00,NORMAL
337e4d35,ESP32_020,PROP_037,28.5,86,False,0,28.639737,77.212263,2026-09-28T11:02:00,NORMAL
f54a2fd3,ESP32_007,PROP_027,30.9,119,False,1,28.611507,77.242691,2026-09-22T04:39:00,NORMAL
7dbcd7a0,ESP32_014,PROP_007,106.3,392,False,3,28.552596,77.158999,2026-09-08T17:52:00,ANOMALY
4af7241e,ESP32_011,PROP_036,79.2,343,False,5,28.584443,77.219374,2026-09-30T07:33:00,POSSIBLE_FIRE
6bc8c1fa,ESP32_011,PROP_011,73.6,289,False,8,28.63205,77.154471,2026-09-15T20:35:00,POSSIBLE_FIRE
b5c3e6e2,ESP32_002,PROP_034,72.6,671,True,20,28.586599,77.190452,2026-09-27T23:27:00,CONFIRMED_FIRE
0a47bd88,ESP32_018,PROP_013,27.1,97,False,1,28.634295,77.194589,2026-09-01T12:47:00,NORMAL
0d71f103,ESP32_002,PROP_048,70.9,437,False,5,28.607833,77.218923,2026-09-04T12:29:00,POSSIBLE_FIRE
7b0772ed,ESP32_001,PROP_001,99.8,925,True,15,28.56686,77.22913,2026-09-09T03:19:00,CONFIRMED_FIRE
a47680ad,ESP32_016,PROP_031,19.0,81,False,0,28.564199,77.180424,2026-09-27T21:37:00,NORMAL
b6a58691,ESP32_013,PROP_043,19.2,58,False,0,28.607965,77.184156,2026-09-05T08:14:00,NORMAL
f2dc0acf,ESP32_005,PROP_033,24.4,16,False,0,28.561987,77.183762,2026-09-25T03:26:00,NORMAL
94b475da,ESP32_004,PROP_008,68.9,349,False,6,28.56937,77.170838,2026-09-10T20:45:00,POSSIBLE_FIRE
ddd5c308,ESP32_010,PROP_035,70.9,297,False,7,28.572112,77.177426,2026-09-14T14:29:00,POSSIBLE_FIRE
7aeed7cc,ESP32_011,PROP_006,25.6,57,False,0,28.618431,77.244898,2026-09-27T16:17:00,NORMAL
c6ee26cc,ESP32_016,PROP_006,24.0,73,False,2,28.592898,77.170107,2026-09-12T04:23:00,NORMAL
2e1b8b1b,ESP32_001,PROP_046,31.3,0,False,0,28.639826,77.232933,2026-09-08T17:38:00,NORMAL
90018c44,ESP32_014,PROP_004,19.9,20,False,0,28.572676,77.243149,2026-09-26T16:48:00,NORMAL
1a9f46c0,ESP32_001,PROP_018,26.3,99,False,1,28.587142,77.156254,2026-09-18T09:31:00,NORMAL
369de316,ESP32_012,PROP_010,24.2,108,False,0,28.609248,77.233557,2026-09-17T12:01:00,NORMAL
5c66b392,ESP32_013,PROP_017,76.8,360,True,0,28.557466,77.241444,2026-09-06T16:44:00,POSSIBLE_FIRE
78679db2,ESP32_020,PROP_006,35.2,116,False,2,28.555405,77.195723,2026-09-03T03:28:00,NORMAL
df347dee,ESP32_007,PROP_015,19.2,64,False,0,28.561619,77.2281,2026-09-18T03:43:00,NORMAL
db4f5ad2,ESP32_007,PROP_049,28.3,62,False,0,28.553286,77.199917,2026-09-17T05:11:00,NORMAL
84b3810b,ESP32_002,PROP_009,23.5,80,False,0,28.56366,77.215164,2026-09-17T08:34:00,NORMAL
7fe00dc4,ESP32_002,PROP_002,75.5,241,False,2,28.628451,77.168535,2026-09-19T14:25:00,POSSIBLE_FIRE
806bd821,ESP32_017,PROP_024,84.1,748,False,14,28.633164,77.239603,2026-09-25T14:16:00,CONFIRMED_FIRE
044ff66a,ESP32_002,PROP_029,92.8,710,True,13,28.64319,77.201272,2026-09-12T13:16:00,CONFIRMED_FIRE
020e5faa,ESP32_009,PROP_042,29.7,28,False,1,28.575108,77.215043,2026-09-24T15:08:00,NORMAL
5ca2bb64,ESP32_001,PROP_029,79.0,68,False,10,28.591305,77.198248,2026-09-27T11:31:00,ANOMALY
fd528c57,ESP32_020,PROP_038,24.7,60,False,1,28.61685,77.247263,2026-09-10T01:05:00,NORMAL
44fe5abe,ESP32_013,PROP_047,24.6,63,False,0,28.565158,77.153094,2026-09-26T09:35:00,NORMAL
3cd74bf4,ESP32_015,PROP_031,69.1,446,False,6,28.613834,77.215457,2026-09-23T16:52:00,POSSIBLE_FIRE
29ea50d3,ESP32_006,PROP_047,23.4,95,False,1,28.558217,77.246786,2026-09-13T05:50:00,NORMAL
ae1e9e35,ESP32_001,PROP_041,26.6,70,False,0,28.649334,77.225243,2026-09-14T14:54:00,NORMAL
71e7745c,ESP32_010,PROP_025,88.2,496,False,0,28.592542,77.239055,2026-09-04T14:17:00,ANOMALY
085ed647,ESP32_011,PROP_024,26.9,91,False,0,28.582611,77.172044,2026-09-24T04:22:00,NORMAL
6300f0d3,ESP32_003,PROP_028,32.5,39,False,0,28.599077,77.190656,2026-09-24T06:07:00,NORMAL
c10285c6,ESP32_008,PROP_034,32.1,57,False,0,28.602595,77.23088,2026-09-03T05:52:00,NORMAL
77f7d12d,ESP32_006,PROP_032,29.0,668,False,2,28.625864,77.212589,2026-09-30T02:28:00,ANOMALY
ad76462e,ESP32_007,PROP_015,72.4,364,False,5,28.597749,77.19946,2026-09-08T14:47:00,POSSIBLE_FIRE
1c47771d,ESP32_019,PROP_010,22.8,64,False,0,28.617276,77.183727,2026-09-12T10:13:00,NORMAL
ae6b644e,ESP32_002,PROP_038,85.2,770,True,18,28.588001,77.23633,2026-09-24T21:53:00,CONFIRMED_FIRE
d4aca3cf,ESP32_010,PROP_028,68.7,338,False,8,28.598098,77.170602,2026-09-26T08:11:00,POSSIBLE_FIRE
13e11143,ESP32_012,PROP_011,69.5,398,False,4,28.63903,77.188395,2026-09-02T06:32:00,POSSIBLE_FIRE
70c71ff6,ESP32_008,PROP_026,85.3,674,True,16,28.58946,77.167984,2026-09-13T19:03:00,CONFIRMED_FIRE
b33f36d0,ESP32_012,PROP_009,30.1,577,False,4,28.589515,77.215379,2026-09-20T21:19:00,ANOMALY
d9712a72,ESP32_012,PROP_017,74.9,296,False,3,28.586713,77.240768,2026-09-28T22:39:00,POSSIBLE_FIRE
75ece165,ESP32_012,PROP_041,21.6,23,False,2,28.604402,77.213607,2026-09-28T17:33:00,NORMAL
66385847,ESP32_019,PROP_017,34.6,79,False,1,28.589882,77.193352,2026-09-27T08:25:00,NORMAL
420c88d9,ESP32_016,PROP_016,35.4,48,False,0,28.625273,77.197377,2026-09-04T13:22:00,NORMAL
64900275,ESP32_013,PROP_004,25.6,89,False,2,28.649695,77.222016,2026-09-15T23:58:00,NORMAL
abd7e7ed,ESP32_003,PROP_020,85.2,1000,True,14,28.586868,77.151009,2026-09-28T16:25:00,CONFIRMED_FIRE
a990959e,ESP32_017,PROP_027,91.3,864,True,13,28.600765,77.181557,2026-09-05T03:43:00,CONFIRMED_FIRE
998f5fc4,ESP32_011,PROP_010,64.9,310,False,0,28.580616,77.164859,2026-09-07T21:52:00,ANOMALY
9a73a752,ESP32_004,PROP_012,80.7,868,True,15,28.61054,77.22055,2026-09-22T02:34:00,CONFIRMED_FIRE
df368a9b,ESP32_017,PROP_043,28.6,58,False,1,28.553285,77.241275,2026-09-02T09:10:00,NORMAL
751d8fec,ESP32_004,PROP_025,84.5,846,False,10,28.597309,77.246861,2026-09-15T19:25:00,CONFIRMED_FIRE
ffba4d35,ESP32_001,PROP_008,29.7,83,False,1,28.621099,77.193904,2026-09-12T18:58:00,NORMAL
cbb8ee11,ESP32_006,PROP_038,29.0,78,False,0,28.553671,77.197477,2026-09-14T04:27:00,NORMAL
6a2e8e28,ESP32_014,PROP_035,92.1,902,True,20,28.63879,77.190419,2026-09-23T09:32:00,CONFIRMED_FIRE
23e48adc,ESP32_011,PROP_049,30.0,57,False,0,28.603134,77.189972,2026-09-09T01:15:00,NORMAL
92fd67fa,ESP32_003,PROP_046,28.1,1,False,1,28.625925,77.240361,2026-09-17T15:12:00,NORMAL
5dbfb275,ESP32_011,PROP_028,24.0,15,False,0,28.58563,77.240683,2026-09-21T21:20:00,NORMAL
c78d250d,ESP32_007,PROP_049,25.7,59,False,1,28.613544,77.159072,2026-09-30T13:49:00,NORMAL
ab9a3146,ESP32_002,PROP_007,29.9,99,False,0,28.588877,77.163141,2026-09-10T21:46:00,NORMAL
7cb55a55,ESP32_018,PROP_020,29.5,20,False,3,28.61854,77.152497,2026-09-06T00:26:00,NORMAL
1575dca9,ESP32_012,PROP_038,83.8,819,True,14,28.626809,77.233598,2026-09-15T05:51:00,CONFIRMED_FIRE
0fc3588f,ESP32_016,PROP_023,20.4,10,False,3,28.631299,77.221812,2026-09-10T03:38:00,NORMAL
65637fb4,ESP32_004,PROP_030,27.3,73,False,0,28.610374,77.160527,2026-09-16T12:33:00,NORMAL
3c16d144,ESP32_018,PROP_023,22.3,106,False,0,28.604145,77.219578,2026-09-12T13:26:00,NORMAL
1a1f3d9b,ESP32_003,PROP_023,20.2,5,False,1,28.578148,77.157007,2026-09-01T13:28:00,NORMAL
03739e54,ESP32_004,PROP_019,72.7,46,False,11,28.555964,77.181773,2026-09-06T04:45:00,ANOMALY
c55d7267,ESP32_001,PROP_006,68.2,462,False,0,28.600323,77.196478,2026-09-03T18:10:00,POSSIBLE_FIRE
558f1ff2,ESP32_004,PROP_021,77.3,0,False,0,28.645415,77.249047,2026-09-10T21:33:00,ANOMALY
32bd251a,ESP32_014,PROP_049,27.9,57,False,1,28.641381,77.18683,2026-09-03T22:39:00,NORMAL
1216c477,ESP32_020,PROP_049,79.9,770,True,14,28.569075,77.238298,2026-09-11T11:55:00,CONFIRMED_FIRE
336400fc,ESP32_005,PROP_032,81.8,351,False,9,28.551241,77.167233,2026-09-12T00:12:00,ANOMALY
b39f7f3f,ESP32_012,PROP_009,22.7,77,False,0,28.590789,77.177964,2026-09-08T13:15:00,NORMAL
830c5128,ESP32_015,PROP_002,29.5,741,False,2,28.607383,77.176531,2026-09-21T04:36:00,ANOMALY
884e394c,ESP32_018,PROP_033,25.7,38,False,2,28.595998,77.177934,2026-09-20T01:52:00,NORMAL
50ea786f,ESP32_012,PROP_026,72.6,325,False,3,28.559771,77.1515,2026-09-17T12:44:00,POSSIBLE_FIRE
c13fd5b7,ESP32_011,PROP_002,26.1,81,True,0,28.61502,77.165202,2026-09-28T17:22:00,NORMAL
721221e7,ESP32_008,PROP_023,82.2,456,False,1,28.599582,77.223224,2026-09-14T00:20:00,POSSIBLE_FIRE
f04130ba,ESP32_006,PROP_044,29.5,77,False,2,28.60412,77.230386,2026-09-14T20:15:00,NORMAL
7d730e54,ESP32_008,PROP_021,87.2,654,True,19,28.592107,77.170229,2026-09-26T12:55:00,CONFIRMED_FIRE
4d067300,ESP32_020,PROP_044,32.4,511,False,3,28.612047,77.195979,2026-09-17T14:22:00,ANOMALY
1c0220f9,ESP32_007,PROP_040,18.7,28,False,1,28.630376,77.158372,2026-09-01T02:58:00,NORMAL
085b51cd,ESP32_011,PROP_003,77.3,154,False,4,28.634202,77.181358,2026-09-16T10:44:00,POSSIBLE_FIRE
1184ea5c,ESP32_015,PROP_026,28.7,55,False,1,28.631577,77.196673,2026-09-05T20:48:00,NORMAL
5b3ff4ad,ESP32_019,PROP_022,33.6,587,False,5,28.59312,77.193398,2026-09-03T01:48:00,ANOMALY
866db114,ESP32_019,PROP_003,27.6,26,False,2,28.609298,77.243599,2026-09-20T20:24:00,NORMAL
006e4b09,ESP32_007,PROP_042,28.9,60,False,0,28.585171,77.204348,2026-09-03T06:18:00,NORMAL
6012ce7d,ESP32_008,PROP_014,24.3,39,False,0,28.611078,77.178068,2026-09-22T04:39:00,NORMAL
18ba856f,ESP32_017,PROP_002,22.5,91,False,1,28.649625,77.246542,2026-09-15T12:52:00,NORMAL
6d65e314,ESP32_009,PROP_007,88.6,821,True,17,28.55191,77.15341,2026-09-14T10:18:00,CONFIRMED_FIRE
61940b87,ESP32_006,PROP_036,31.1,71,False,1,28.649145,77.222684,2026-09-08T16:47:00,NORMAL
b0c407fa,ESP32_015,PROP_037,70.3,360,False,10,28.580437,77.218249,2026-09-13T23:15:00,POSSIBLE_FIRE
b650cf6a,ESP32_019,PROP_050,22.4,40,False,1,28.622572,77.239445,2026-09-03T15:22:00,NORMAL
93883a37,ESP32_005,PROP_001,84.8,374,False,6,28.584777,77.202052,2026-09-09T19:14:00,POSSIBLE_FIRE
b185fb28,ESP32_020,PROP_004,75.2,793,True,8,28.610876,77.191178,2026-09-24T04:27:00,CONFIRMED_FIRE
d40bb5aa,ESP32_011,PROP_018,20.0,81,False,0,28.586243,77.236364,2026-09-05T21:11:00,NORMAL
17a78926,ESP32_013,PROP_026,28.0,73,False,1,28.639509,77.247205,2026-09-12T04:25:00,NORMAL
63902fe8,ESP32_014,PROP_027,78.3,801,True,26,28.638199,77.187117,2026-09-21T20:41:00,CONFIRMED_FIRE
ba6ebcb2,ESP32_010,PROP_029,70.9,182,False,0,28.56867,77.16984,2026-09-08T06:48:00,ANOMALY
473c9178,ESP32_002,PROP_030,23.8,53,False,1,28.618011,77.190815,2026-09-26T19:24:00,NORMAL
afecbc14,ESP32_019,PROP_008,31.8,36,False,0,28.553778,77.214337,2026-09-29T10:38:00,NORMAL
3d4d468f,ESP32_009,PROP_040,80.0,726,True,14,28.559839,77.182731,2026-09-17T19:00:00,CONFIRMED_FIRE
84c7a24c,ESP32_009,PROP_020,28.8,266,False,1,28.557609,77.21036,2026-09-18T02:23:00,ANOMALY
18a9cfc4,ESP32_015,PROP_030,24.4,39,False,2,28.62537,77.228881,2026-09-05T21:39:00,NORMAL
e191e2ed,ESP32_019,PROP_018,31.5,605,False,3,28.648104,77.152001,2026-09-12T10:45:00,ANOMALY
c6c282df,ESP32_002,PROP_033,19.9,15,False,0,28.615329,77.157037,2026-09-21T18:06:00,NORMAL
cd51c435,ESP32_014,PROP_033,71.6,242,False,1,28.591626,77.17655,2026-09-14T09:20:00,POSSIBLE_FIRE
990386f3,ESP32_001,PROP_047,79.3,655,False,19,28.596452,77.239623,2026-09-17T01:39:00,CONFIRMED_FIRE
4e037dfc,ESP32_014,PROP_043,33.5,24,False,0,28.565335,77.208623,2026-09-13T01:28:00,NORMAL
135246b4,ESP32_013,PROP_026,96.4,815,True,20,28.594729,77.229017,2026-09-16T04:28:00,CONFIRMED_FIRE
1e458818,ESP32_001,PROP_017,27.8,83,False,1,28.588052,77.166304,2026-09-24T13:19:00,NORMAL
16f97992,ESP32_006,PROP_035,90.3,828,True,19,28.560408,77.228933,2026-09-09T19:39:00,CONFIRMED_FIRE
e848c8f9,ESP32_016,PROP_033,21.2,27,False,2,28.61324,77.162833,2026-09-04T21:14:00,NORMAL
3c86d61b,ESP32_019,PROP_045,29.2,57,False,1,28.562034,77.154695,2026-09-13T00:40:00,NORMAL
784ddc44,ESP32_002,PROP_033,66.5,0,False,6,28.628661,77.18645,2026-09-19T07:00:00,ANOMALY
7eb62d4d,ESP32_017,PROP_004,85.1,409,True,0,28.598833,77.152257,2026-09-22T15:05:00,POSSIBLE_FIRE
9a429634,ESP32_019,PROP_031,33.7,246,False,3,28.566245,77.24858,2026-09-24T20:22:00,ANOMALY
12b9c6d6,ESP32_016,PROP_015,70.4,320,False,6,28.649159,77.179404,2026-09-24T02:28:00,POSSIBLE_FIRE
09f7a225,ESP32_003,PROP_029,69.0,484,False,5,28.611611,77.197433,2026-09-12T18:23:00,POSSIBLE_FIRE
b43533dc,ESP32_019,PROP_022,82.8,766,True,19,28.56285,77.158773,2026-09-10T20:18:00,CONFIRMED_FIRE
04687ded,ESP32_008,PROP_032,25.5,83,False,1,28.624824,77.240305,2026-09-24T20:21:00,NORMAL
fec44b40,ESP32_017,PROP_024,86.3,622,True,18,28.644444,77.160056,2026-09-03T16:30:00,CONFIRMED_FIRE
e917e7a5,ESP32_011,PROP_047,78.5,231,False,8,28.632113,77.199304,2026-09-04T17:09:00,POSSIBLE_FIRE
